Country,Year,Solar (% of energy produced)
Africa,1965,0
Africa,1966,0
Africa,1967,0
Africa,1968,0
Africa,1969,0
Africa,1970,0
Africa,1971,0
Africa,1972,0
Africa,1973,0
Africa,1974,0
Africa,1975,0
Africa,1976,0
Africa,1977,0
Africa,1978,0
Africa,1979,0
Africa,1980,0
Africa,1981,0
Africa,1982,0
Africa,1983,0
Africa,1984,0
Africa,1985,0
Africa,1986,0
Africa,1987,0
Africa,1988,0
Africa,1989,0
Africa,1990,0
Africa,1991,0
Africa,1992,0
Africa,1993,0
Africa,1994,0
Africa,1995,0
Africa,1996,0
Africa,1997,0
Africa,1998,0
Africa,1999,0
Africa,2000,0.001
Africa,2001,0.001
Africa,2002,0.001
Africa,2003,0.002
Africa,2004,0.002
Africa,2005,0.002
Africa,2006,0.003
Africa,2007,0.003
Africa,2008,0.005
Africa,2009,0.006
Africa,2010,0.012
Africa,2011,0.035
Africa,2012,0.055
Africa,2013,0.043
Africa,2014,0.1
Africa,2015,0.181
Africa,2016,0.249
Africa,2017,0.326
Africa,2018,0.381
Africa,2019,0.489
Africa,2020,0.593
Algeria,1965,0
Algeria,1966,0
Algeria,1967,0
Algeria,1968,0
Algeria,1969,0
Algeria,1970,0
Algeria,1971,0
Algeria,1972,0
Algeria,1973,0
Algeria,1974,0
Algeria,1975,0
Algeria,1976,0
Algeria,1977,0
Algeria,1978,0
Algeria,1979,0
Algeria,1980,0
Algeria,1981,0
Algeria,1982,0
Algeria,1983,0
Algeria,1984,0
Algeria,1985,0
Algeria,1986,0
Algeria,1987,0
Algeria,1988,0
Algeria,1989,0
Algeria,1990,0
Algeria,1991,0
Algeria,1992,0
Algeria,1993,0
Algeria,1994,0
Algeria,1995,0
Algeria,1996,0
Algeria,1997,0
Algeria,1998,0
Algeria,1999,0
Algeria,2000,0
Algeria,2001,0
Algeria,2002,0
Algeria,2003,0
Algeria,2004,0
Algeria,2005,0
Algeria,2006,0
Algeria,2007,0
Algeria,2008,0
Algeria,2009,0
Algeria,2010,0.005
Algeria,2011,0.01
Algeria,2012,0.014
Algeria,2013,0.014
Algeria,2014,0.026
Algeria,2015,0.024
Algeria,2016,0.1
Algeria,2017,0.202
Algeria,2018,0.223
Algeria,2019,0.219
Algeria,2020,0.232
Argentina,1965,0
Argentina,1966,0
Argentina,1967,0
Argentina,1968,0
Argentina,1969,0
Argentina,1970,0
Argentina,1971,0
Argentina,1972,0
Argentina,1973,0
Argentina,1974,0
Argentina,1975,0
Argentina,1976,0
Argentina,1977,0
Argentina,1978,0
Argentina,1979,0
Argentina,1980,0
Argentina,1981,0
Argentina,1982,0
Argentina,1983,0
Argentina,1984,0
Argentina,1985,0
Argentina,1986,0
Argentina,1987,0
Argentina,1988,0
Argentina,1989,0
Argentina,1990,0
Argentina,1991,0
Argentina,1992,0
Argentina,1993,0
Argentina,1994,0
Argentina,1995,0
Argentina,1996,0
Argentina,1997,0
Argentina,1998,0
Argentina,1999,0
Argentina,2000,0
Argentina,2001,0
Argentina,2002,0
Argentina,2003,0
Argentina,2004,0
Argentina,2005,0
Argentina,2006,0
Argentina,2007,0
Argentina,2008,0
Argentina,2009,0
Argentina,2010,0
Argentina,2011,0
Argentina,2012,0.002
Argentina,2013,0.004
Argentina,2014,0.004
Argentina,2015,0.004
Argentina,2016,0.004
Argentina,2017,0.004
Argentina,2018,0.027
Argentina,2019,0.211
Argentina,2020,0.379
Asia Pacific,1965,0
Asia Pacific,1966,0
Asia Pacific,1967,0
Asia Pacific,1968,0
Asia Pacific,1969,0
Asia Pacific,1970,0
Asia Pacific,1971,0
Asia Pacific,1972,0
Asia Pacific,1973,0
Asia Pacific,1974,0
Asia Pacific,1975,0
Asia Pacific,1976,0
Asia Pacific,1977,0
Asia Pacific,1978,0
Asia Pacific,1979,0
Asia Pacific,1980,0
Asia Pacific,1981,0
Asia Pacific,1982,0
Asia Pacific,1983,0
Asia Pacific,1984,0
Asia Pacific,1985,0
Asia Pacific,1986,0
Asia Pacific,1987,0
Asia Pacific,1988,0
Asia Pacific,1989,0
Asia Pacific,1990,0
Asia Pacific,1991,0
Asia Pacific,1992,0
Asia Pacific,1993,0
Asia Pacific,1994,0.001
Asia Pacific,1995,0.001
Asia Pacific,1996,0.001
Asia Pacific,1997,0.001
Asia Pacific,1998,0.002
Asia Pacific,1999,0.003
Asia Pacific,2000,0.004
Asia Pacific,2001,0.005
Asia Pacific,2002,0.007
Asia Pacific,2003,0.008
Asia Pacific,2004,0.01
Asia Pacific,2005,0.011
Asia Pacific,2006,0.013
Asia Pacific,2007,0.015
Asia Pacific,2008,0.018
Asia Pacific,2009,0.022
Asia Pacific,2010,0.032
Asia Pacific,2011,0.055
Asia Pacific,2012,0.076
Asia Pacific,2013,0.135
Asia Pacific,2014,0.255
Asia Pacific,2015,0.379
Asia Pacific,2016,0.547
Asia Pacific,2017,0.819
Asia Pacific,2018,1.107
Asia Pacific,2019,1.362
Asia Pacific,2020,1.649
Australia,1965,0
Australia,1966,0
Australia,1967,0
Australia,1968,0
Australia,1969,0
Australia,1970,0
Australia,1971,0
Australia,1972,0
Australia,1973,0
Australia,1974,0
Australia,1975,0
Australia,1976,0
Australia,1977,0
Australia,1978,0
Australia,1979,0
Australia,1980,0
Australia,1981,0
Australia,1982,0
Australia,1983,0
Australia,1984,0
Australia,1985,0
Australia,1986,0
Australia,1987,0
Australia,1988,0
Australia,1989,0
Australia,1990,0
Australia,1991,0.001
Australia,1992,0.003
Australia,1993,0.004
Australia,1994,0.004
Australia,1995,0.005
Australia,1996,0.006
Australia,1997,0.007
Australia,1998,0.008
Australia,1999,0.009
Australia,2000,0.01
Australia,2001,0.011
Australia,2002,0.012
Australia,2003,0.013
Australia,2004,0.014
Australia,2005,0.016
Australia,2006,0.018
Australia,2007,0.02
Australia,2008,0.024
Australia,2009,0.051
Australia,2010,0.172
Australia,2011,0.348
Australia,2012,0.413
Australia,2013,0.646
Australia,2014,0.819
Australia,2015,0.995
Australia,2016,1.182
Australia,2017,1.416
Australia,2018,1.937
Australia,2019,2.775
Australia,2020,3.803
Austria,1965,0
Austria,1966,0
Austria,1967,0
Austria,1968,0
Austria,1969,0
Austria,1970,0
Austria,1971,0
Austria,1972,0
Austria,1973,0
Austria,1974,0
Austria,1975,0
Austria,1976,0
Austria,1977,0
Austria,1978,0
Austria,1979,0
Austria,1980,0
Austria,1981,0
Austria,1982,0
Austria,1983,0
Austria,1984,0
Austria,1985,0
Austria,1986,0
Austria,1987,0
Austria,1988,0
Austria,1989,0
Austria,1990,0
Austria,1991,0
Austria,1992,0
Austria,1993,0.001
Austria,1994,0.001
Austria,1995,0.001
Austria,1996,0.001
Austria,1997,0.002
Austria,1998,0.001
Austria,1999,0.001
Austria,2000,0.002
Austria,2001,0.003
Austria,2002,0.006
Austria,2003,0.01
Austria,2004,0.012
Austria,2005,0.014
Austria,2006,0.015
Austria,2007,0.016
Austria,2008,0.019
Austria,2009,0.032
Austria,2010,0.056
Austria,2011,0.117
Austria,2012,0.216
Austria,2013,0.4
Austria,2014,0.521
Austria,2015,0.617
Austria,2016,0.694
Austria,2017,0.78
Austria,2018,0.911
Austria,2019,1.013
Austria,2020,1.021
Azerbaijan,1985,0
Azerbaijan,1986,0
Azerbaijan,1987,0
Azerbaijan,1988,0
Azerbaijan,1989,0
Azerbaijan,1990,0
Azerbaijan,1991,0
Azerbaijan,1992,0
Azerbaijan,1993,0
Azerbaijan,1994,0
Azerbaijan,1995,0
Azerbaijan,1996,0
Azerbaijan,1997,0
Azerbaijan,1998,0
Azerbaijan,1999,0
Azerbaijan,2000,0
Azerbaijan,2001,0
Azerbaijan,2002,0
Azerbaijan,2003,0
Azerbaijan,2004,0
Azerbaijan,2005,0
Azerbaijan,2006,0
Azerbaijan,2007,0
Azerbaijan,2008,0
Azerbaijan,2009,0
Azerbaijan,2010,0
Azerbaijan,2011,0
Azerbaijan,2012,0
Azerbaijan,2013,0.001
Azerbaijan,2014,0.005
Azerbaijan,2015,0.007
Azerbaijan,2016,0.052
Azerbaijan,2017,0.056
Azerbaijan,2018,0.057
Azerbaijan,2019,0.061
Azerbaijan,2020,0.067
Bangladesh,1971,0
Bangladesh,1972,0
Bangladesh,1973,0
Bangladesh,1974,0
Bangladesh,1975,0
Bangladesh,1976,0
Bangladesh,1977,0
Bangladesh,1978,0
Bangladesh,1979,0
Bangladesh,1980,0
Bangladesh,1981,0
Bangladesh,1982,0
Bangladesh,1983,0
Bangladesh,1984,0
Bangladesh,1985,0
Bangladesh,1986,0
Bangladesh,1987,0
Bangladesh,1988,0
Bangladesh,1989,0
Bangladesh,1990,0
Bangladesh,1991,0
Bangladesh,1992,0
Bangladesh,1993,0
Bangladesh,1994,0
Bangladesh,1995,0
Bangladesh,1996,0
Bangladesh,1997,0
Bangladesh,1998,0
Bangladesh,1999,0
Bangladesh,2000,0
Bangladesh,2001,0
Bangladesh,2002,0
Bangladesh,2003,0.001
Bangladesh,2004,0.003
Bangladesh,2005,0.005
Bangladesh,2006,0.007
Bangladesh,2007,0.011
Bangladesh,2008,0.018
Bangladesh,2009,0.027
Bangladesh,2010,0.046
Bangladesh,2011,0.056
Bangladesh,2012,0.08
Bangladesh,2013,0.111
Bangladesh,2014,0.136
Bangladesh,2015,0.138
Bangladesh,2016,0.15
Bangladesh,2017,0.165
Bangladesh,2018,0.168
Bangladesh,2019,0.19
Bangladesh,2020,0.23
Belarus,1985,0
Belarus,1986,0
Belarus,1987,0
Belarus,1988,0
Belarus,1989,0
Belarus,1990,0
Belarus,1991,0
Belarus,1992,0
Belarus,1993,0
Belarus,1994,0
Belarus,1995,0
Belarus,1996,0
Belarus,1997,0
Belarus,1998,0
Belarus,1999,0
Belarus,2000,0
Belarus,2001,0
Belarus,2002,0
Belarus,2003,0
Belarus,2004,0
Belarus,2005,0
Belarus,2006,0
Belarus,2007,0
Belarus,2008,0
Belarus,2009,0
Belarus,2010,0
Belarus,2011,0
Belarus,2012,0
Belarus,2013,0
Belarus,2014,0.002
Belarus,2015,0.008
Belarus,2016,0.024
Belarus,2017,0.081
Belarus,2018,0.099
Belarus,2019,0.151
Belarus,2020,0.164
Belgium,1965,0
Belgium,1966,0
Belgium,1967,0
Belgium,1968,0
Belgium,1969,0
Belgium,1970,0
Belgium,1971,0
Belgium,1972,0
Belgium,1973,0
Belgium,1974,0
Belgium,1975,0
Belgium,1976,0
Belgium,1977,0
Belgium,1978,0
Belgium,1979,0
Belgium,1980,0
Belgium,1981,0
Belgium,1982,0
Belgium,1983,0
Belgium,1984,0
Belgium,1985,0
Belgium,1986,0
Belgium,1987,0
Belgium,1988,0
Belgium,1989,0
Belgium,1990,0
Belgium,1991,0
Belgium,1992,0
Belgium,1993,0
Belgium,1994,0
Belgium,1995,0
Belgium,1996,0
Belgium,1997,0
Belgium,1998,0
Belgium,1999,0
Belgium,2000,0
Belgium,2001,0
Belgium,2002,0
Belgium,2003,0
Belgium,2004,0
Belgium,2005,0
Belgium,2006,0.001
Belgium,2007,0.002
Belgium,2008,0.014
Belgium,2009,0.06
Belgium,2010,0.19
Belgium,2011,0.423
Belgium,2012,0.806
Belgium,2013,0.96
Belgium,2014,1.121
Belgium,2015,1.163
Belgium,2016,1.087
Belgium,2017,1.142
Belgium,2018,1.35
Belgium,2019,1.419
Belgium,2020,2.083
Brazil,1965,0
Brazil,1966,0
Brazil,1967,0
Brazil,1968,0
Brazil,1969,0
Brazil,1970,0
Brazil,1971,0
Brazil,1972,0
Brazil,1973,0
Brazil,1974,0
Brazil,1975,0
Brazil,1976,0
Brazil,1977,0
Brazil,1978,0
Brazil,1979,0
Brazil,1980,0
Brazil,1981,0
Brazil,1982,0
Brazil,1983,0
Brazil,1984,0
Brazil,1985,0
Brazil,1986,0
Brazil,1987,0
Brazil,1988,0
Brazil,1989,0
Brazil,1990,0
Brazil,1991,0
Brazil,1992,0
Brazil,1993,0
Brazil,1994,0
Brazil,1995,0
Brazil,1996,0
Brazil,1997,0
Brazil,1998,0
Brazil,1999,0
Brazil,2000,0
Brazil,2001,0
Brazil,2002,0
Brazil,2003,0
Brazil,2004,0
Brazil,2005,0
Brazil,2006,0
Brazil,2007,0
Brazil,2008,0
Brazil,2009,0
Brazil,2010,0
Brazil,2011,0
Brazil,2012,0
Brazil,2013,0
Brazil,2014,0.001
Brazil,2015,0.004
Brazil,2016,0.006
Brazil,2017,0.062
Brazil,2018,0.256
Brazil,2019,0.478
Brazil,2020,0.589
Bulgaria,1965,0
Bulgaria,1966,0
Bulgaria,1967,0
Bulgaria,1968,0
Bulgaria,1969,0
Bulgaria,1970,0
Bulgaria,1971,0
Bulgaria,1972,0
Bulgaria,1973,0
Bulgaria,1974,0
Bulgaria,1975,0
Bulgaria,1976,0
Bulgaria,1977,0
Bulgaria,1978,0
Bulgaria,1979,0
Bulgaria,1980,0
Bulgaria,1981,0
Bulgaria,1982,0
Bulgaria,1983,0
Bulgaria,1984,0
Bulgaria,1985,0
Bulgaria,1986,0
Bulgaria,1987,0
Bulgaria,1988,0
Bulgaria,1989,0
Bulgaria,1990,0
Bulgaria,1991,0
Bulgaria,1992,0
Bulgaria,1993,0
Bulgaria,1994,0
Bulgaria,1995,0
Bulgaria,1996,0
Bulgaria,1997,0
Bulgaria,1998,0
Bulgaria,1999,0
Bulgaria,2000,0
Bulgaria,2001,0
Bulgaria,2002,0
Bulgaria,2003,0
Bulgaria,2004,0
Bulgaria,2005,0
Bulgaria,2006,0
Bulgaria,2007,0
Bulgaria,2008,0
Bulgaria,2009,0.004
Bulgaria,2010,0.019
Bulgaria,2011,0.118
Bulgaria,2012,0.992
Bulgaria,2013,1.784
Bulgaria,2014,1.528
Bulgaria,2015,1.578
Bulgaria,2016,1.659
Bulgaria,2017,1.632
Bulgaria,2018,1.556
Bulgaria,2019,1.725
Bulgaria,2020,1.927
CIS,1965,0
CIS,1966,0
CIS,1967,0
CIS,1968,0
CIS,1969,0
CIS,1970,0
CIS,1971,0
CIS,1972,0
CIS,1973,0
CIS,1974,0
CIS,1975,0
CIS,1976,0
CIS,1977,0
CIS,1978,0
CIS,1979,0
CIS,1980,0
CIS,1981,0
CIS,1982,0
CIS,1983,0
CIS,1984,0
CIS,1985,0
CIS,1986,0
CIS,1987,0
CIS,1988,0
CIS,1989,0
CIS,1990,0
CIS,1991,0
CIS,1992,0
CIS,1993,0
CIS,1994,0
CIS,1995,0
CIS,1996,0
CIS,1997,0
CIS,1998,0
CIS,1999,0
CIS,2000,0
CIS,2001,0
CIS,2002,0
CIS,2003,0
CIS,2004,0
CIS,2005,0
CIS,2006,0
CIS,2007,0
CIS,2008,0
CIS,2009,0
CIS,2010,0
CIS,2011,0
CIS,2012,0
CIS,2013,0
CIS,2014,0.004
CIS,2015,0.01
CIS,2016,0.016
CIS,2017,0.019
CIS,2018,0.022
CIS,2019,0.039
CIS,2020,0.114
Canada,1965,0
Canada,1966,0
Canada,1967,0
Canada,1968,0
Canada,1969,0
Canada,1970,0
Canada,1971,0
Canada,1972,0
Canada,1973,0
Canada,1974,0
Canada,1975,0
Canada,1976,0
Canada,1977,0
Canada,1978,0
Canada,1979,0
Canada,1980,0
Canada,1981,0
Canada,1982,0
Canada,1983,0
Canada,1984,0
Canada,1985,0
Canada,1986,0
Canada,1987,0
Canada,1988,0
Canada,1989,0
Canada,1990,0
Canada,1991,0
Canada,1992,0
Canada,1993,0
Canada,1994,0
Canada,1995,0
Canada,1996,0
Canada,1997,0.001
Canada,1998,0.001
Canada,1999,0.001
Canada,2000,0.001
Canada,2001,0.002
Canada,2002,0.002
Canada,2003,0.002
Canada,2004,0.001
Canada,2005,0.001
Canada,2006,0.002
Canada,2007,0.002
Canada,2008,0.002
Canada,2009,0.008
Canada,2010,0.018
Canada,2011,0.039
Canada,2012,0.059
Canada,2013,0.098
Canada,2014,0.137
Canada,2015,0.185
Canada,2016,0.259
Canada,2017,0.226
Canada,2018,0.235
Canada,2019,0.26
Canada,2020,0.288
Chile,1965,0
Chile,1966,0
Chile,1967,0
Chile,1968,0
Chile,1969,0
Chile,1970,0
Chile,1971,0
Chile,1972,0
Chile,1973,0
Chile,1974,0
Chile,1975,0
Chile,1976,0
Chile,1977,0
Chile,1978,0
Chile,1979,0
Chile,1980,0
Chile,1981,0
Chile,1982,0
Chile,1983,0
Chile,1984,0
Chile,1985,0
Chile,1986,0
Chile,1987,0
Chile,1988,0
Chile,1989,0
Chile,1990,0
Chile,1991,0
Chile,1992,0
Chile,1993,0
Chile,1994,0
Chile,1995,0
Chile,1996,0
Chile,1997,0
Chile,1998,0
Chile,1999,0
Chile,2000,0
Chile,2001,0
Chile,2002,0
Chile,2003,0
Chile,2004,0
Chile,2005,0
Chile,2006,0
Chile,2007,0
Chile,2008,0
Chile,2009,0
Chile,2010,0
Chile,2011,0
Chile,2012,0
Chile,2013,0.004
Chile,2014,0.287
Chile,2015,0.828
Chile,2016,1.472
Chile,2017,2.219
Chile,2018,2.786
Chile,2019,3.334
Chile,2020,4.209
China,1965,0
China,1966,0
China,1967,0
China,1968,0
China,1969,0
China,1970,0
China,1971,0
China,1972,0
China,1973,0
China,1974,0
China,1975,0
China,1976,0
China,1977,0
China,1978,0
China,1979,0
China,1980,0
China,1981,0
China,1982,0
China,1983,0
China,1984,0
China,1985,0
China,1986,0
China,1987,0
China,1988,0
China,1989,0
China,1990,0
China,1991,0
China,1992,0
China,1993,0
China,1994,0
China,1995,0
China,1996,0
China,1997,0
China,1998,0
China,1999,0
China,2000,0.001
China,2001,0.001
China,2002,0.001
China,2003,0.001
China,2004,0.001
China,2005,0.001
China,2006,0.001
China,2007,0.001
China,2008,0.002
China,2009,0.003
China,2010,0.006
China,2011,0.022
China,2012,0.028
China,2013,0.064
China,2014,0.173
China,2015,0.284
China,2016,0.468
China,2017,0.798
China,2018,1.15
China,2019,1.406
China,2020,1.594
Colombia,1965,0
Colombia,1966,0
Colombia,1967,0
Colombia,1968,0
Colombia,1969,0
Colombia,1970,0
Colombia,1971,0
Colombia,1972,0
Colombia,1973,0
Colombia,1974,0
Colombia,1975,0
Colombia,1976,0
Colombia,1977,0
Colombia,1978,0
Colombia,1979,0
Colombia,1980,0
Colombia,1981,0
Colombia,1982,0
Colombia,1983,0
Colombia,1984,0
Colombia,1985,0
Colombia,1986,0
Colombia,1987,0
Colombia,1988,0
Colombia,1989,0
Colombia,1990,0
Colombia,1991,0
Colombia,1992,0
Colombia,1993,0
Colombia,1994,0
Colombia,1995,0
Colombia,1996,0
Colombia,1997,0
Colombia,1998,0
Colombia,1999,0
Colombia,2000,0.002
Colombia,2001,0.002
Colombia,2002,0.004
Colombia,2003,0.006
Colombia,2004,0.007
Colombia,2005,0.008
Colombia,2006,0
Colombia,2007,0
Colombia,2008,0
Colombia,2009,0
Colombia,2010,0
Colombia,2011,0
Colombia,2012,0
Colombia,2013,0
Colombia,2014,0
Colombia,2015,0
Colombia,2016,0
Colombia,2017,0
Colombia,2018,0.006
Colombia,2019,0.061
Colombia,2020,0.09
Croatia,1990,0
Croatia,1991,0
Croatia,1992,0
Croatia,1993,0
Croatia,1994,0
Croatia,1995,0
Croatia,1996,0
Croatia,1997,0
Croatia,1998,0
Croatia,1999,0
Croatia,2000,0
Croatia,2001,0
Croatia,2002,0
Croatia,2003,0
Croatia,2004,0
Croatia,2005,0
Croatia,2006,0
Croatia,2007,0
Croatia,2008,0
Croatia,2009,0
Croatia,2010,0
Croatia,2011,0
Croatia,2012,0.006
Croatia,2013,0.031
Croatia,2014,0.094
Croatia,2015,0.161
Croatia,2016,0.178
Croatia,2017,0.211
Croatia,2018,0.193
Croatia,2019,0.219
Croatia,2020,0.229
Cyprus,1965,0
Cyprus,1966,0
Cyprus,1967,0
Cyprus,1968,0
Cyprus,1969,0
Cyprus,1970,0
Cyprus,1971,0
Cyprus,1972,0
Cyprus,1973,0
Cyprus,1974,0
Cyprus,1975,0
Cyprus,1976,0
Cyprus,1977,0
Cyprus,1978,0
Cyprus,1979,0
Cyprus,1980,0
Cyprus,1981,0
Cyprus,1982,0
Cyprus,1983,0
Cyprus,1984,0
Cyprus,1985,0
Cyprus,1986,0
Cyprus,1987,0
Cyprus,1988,0
Cyprus,1989,0
Cyprus,1990,0
Cyprus,1991,0
Cyprus,1992,0
Cyprus,1993,0
Cyprus,1994,0
Cyprus,1995,0
Cyprus,1996,0
Cyprus,1997,0
Cyprus,1998,0
Cyprus,1999,0
Cyprus,2000,0
Cyprus,2001,0
Cyprus,2002,0
Cyprus,2003,0
Cyprus,2004,0.003
Cyprus,2005,0.004
Cyprus,2006,0.008
Cyprus,2007,0.013
Cyprus,2008,0.022
Cyprus,2009,0.03
Cyprus,2010,0.054
Cyprus,2011,0.092
Cyprus,2012,0.18
Cyprus,2013,0.427
Cyprus,2014,0.754
Cyprus,2015,1.101
Cyprus,2016,1.16
Cyprus,2017,1.323
Cyprus,2018,1.473
Cyprus,2019,1.669
Cyprus,2020,2.842
Czechia,1965,0
Czechia,1966,0
Czechia,1967,0
Czechia,1968,0
Czechia,1969,0
Czechia,1970,0
Czechia,1971,0
Czechia,1972,0
Czechia,1973,0
Czechia,1974,0
Czechia,1975,0
Czechia,1976,0
Czechia,1977,0
Czechia,1978,0
Czechia,1979,0
Czechia,1980,0
Czechia,1981,0
Czechia,1982,0
Czechia,1983,0
Czechia,1984,0
Czechia,1985,0
Czechia,1986,0
Czechia,1987,0
Czechia,1988,0
Czechia,1989,0
Czechia,1990,0
Czechia,1991,0
Czechia,1992,0
Czechia,1993,0
Czechia,1994,0
Czechia,1995,0
Czechia,1996,0
Czechia,1997,0
Czechia,1998,0
Czechia,1999,0
Czechia,2000,0
Czechia,2001,0
Czechia,2002,0
Czechia,2003,0
Czechia,2004,0
Czechia,2005,0
Czechia,2006,0
Czechia,2007,0.001
Czechia,2008,0.007
Czechia,2009,0.048
Czechia,2010,0.315
Czechia,2011,1.101
Czechia,2012,1.13
Czechia,2013,1.092
Czechia,2014,1.139
Czechia,2015,1.231
Czechia,2016,1.167
Czechia,2017,1.145
Czechia,2018,1.218
Czechia,2019,1.2
Czechia,2020,1.29
Denmark,1965,0
Denmark,1966,0
Denmark,1967,0
Denmark,1968,0
Denmark,1969,0
Denmark,1970,0
Denmark,1971,0
Denmark,1972,0
Denmark,1973,0
Denmark,1974,0
Denmark,1975,0
Denmark,1976,0
Denmark,1977,0
Denmark,1978,0
Denmark,1979,0
Denmark,1980,0
Denmark,1981,0
Denmark,1982,0
Denmark,1983,0
Denmark,1984,0
Denmark,1985,0
Denmark,1986,0
Denmark,1987,0
Denmark,1988,0
Denmark,1989,0
Denmark,1990,0
Denmark,1991,0
Denmark,1992,0
Denmark,1993,0
Denmark,1994,0
Denmark,1995,0
Denmark,1996,0
Denmark,1997,0
Denmark,1998,0
Denmark,1999,0.001
Denmark,2000,0.001
Denmark,2001,0.001
Denmark,2002,0.001
Denmark,2003,0.002
Denmark,2004,0.002
Denmark,2005,0.003
Denmark,2006,0.002
Denmark,2007,0.003
Denmark,2008,0.003
Denmark,2009,0.005
Denmark,2010,0.007
Denmark,2011,0.018
Denmark,2012,0.134
Denmark,2013,0.636
Denmark,2014,0.753
Denmark,2015,0.787
Denmark,2016,0.955
Denmark,2017,0.959
Denmark,2018,1.223
Denmark,2019,1.269
Denmark,2020,1.777
Eastern Africa,1965,0
Eastern Africa,1966,0
Eastern Africa,1967,0
Eastern Africa,1968,0
Eastern Africa,1969,0
Eastern Africa,1970,0
Eastern Africa,1971,0
Eastern Africa,1972,0
Eastern Africa,1973,0
Eastern Africa,1974,0
Eastern Africa,1975,0
Eastern Africa,1976,0
Eastern Africa,1977,0
Eastern Africa,1978,0
Eastern Africa,1979,0
Eastern Africa,1980,0
Eastern Africa,1981,0
Eastern Africa,1982,0
Eastern Africa,1983,0
Eastern Africa,1984,0
Eastern Africa,1985,0
Eastern Africa,1986,0
Eastern Africa,1987,0
Eastern Africa,1988,0
Eastern Africa,1989,0
Eastern Africa,1990,0
Eastern Africa,1991,0
Eastern Africa,1992,0
Eastern Africa,1993,0
Eastern Africa,1994,0
Eastern Africa,1995,0
Eastern Africa,1996,0
Eastern Africa,1997,0
Eastern Africa,1998,0
Eastern Africa,1999,0
Eastern Africa,2000,0
Eastern Africa,2001,0
Eastern Africa,2002,0
Eastern Africa,2003,0
Eastern Africa,2004,0
Eastern Africa,2005,0.001
Eastern Africa,2006,0.004
Eastern Africa,2007,0.007
Eastern Africa,2008,0.012
Eastern Africa,2009,0.021
Eastern Africa,2010,0.057
Eastern Africa,2011,0.099
Eastern Africa,2012,0.137
Eastern Africa,2013,0.154
Eastern Africa,2014,0.176
Eastern Africa,2015,0.191
Eastern Africa,2016,0.222
Eastern Africa,2017,0.239
Eastern Africa,2018,0.268
Eastern Africa,2019,0.297
Eastern Africa,2020,0.344
Ecuador,1965,0
Ecuador,1966,0
Ecuador,1967,0
Ecuador,1968,0
Ecuador,1969,0
Ecuador,1970,0
Ecuador,1971,0
Ecuador,1972,0
Ecuador,1973,0
Ecuador,1974,0
Ecuador,1975,0
Ecuador,1976,0
Ecuador,1977,0
Ecuador,1978,0
Ecuador,1979,0
Ecuador,1980,0
Ecuador,1981,0
Ecuador,1982,0
Ecuador,1983,0
Ecuador,1984,0
Ecuador,1985,0
Ecuador,1986,0
Ecuador,1987,0
Ecuador,1988,0
Ecuador,1989,0
Ecuador,1990,0
Ecuador,1991,0
Ecuador,1992,0
Ecuador,1993,0
Ecuador,1994,0
Ecuador,1995,0
Ecuador,1996,0
Ecuador,1997,0
Ecuador,1998,0
Ecuador,1999,0
Ecuador,2000,0
Ecuador,2001,0
Ecuador,2002,0
Ecuador,2003,0
Ecuador,2004,0
Ecuador,2005,0
Ecuador,2006,0
Ecuador,2007,0
Ecuador,2008,0
Ecuador,2009,0
Ecuador,2010,0
Ecuador,2011,0
Ecuador,2012,0
Ecuador,2013,0.005
Ecuador,2014,0.023
Ecuador,2015,0.049
Ecuador,2016,0.053
Ecuador,2017,0.049
Ecuador,2018,0.047
Ecuador,2019,0.199
Ecuador,2020,0.229
Egypt,1965,0
Egypt,1966,0
Egypt,1967,0
Egypt,1968,0
Egypt,1969,0
Egypt,1970,0
Egypt,1971,0
Egypt,1972,0
Egypt,1973,0
Egypt,1974,0
Egypt,1975,0
Egypt,1976,0
Egypt,1977,0
Egypt,1978,0
Egypt,1979,0
Egypt,1980,0
Egypt,1981,0
Egypt,1982,0
Egypt,1983,0
Egypt,1984,0
Egypt,1985,0
Egypt,1986,0
Egypt,1987,0
Egypt,1988,0
Egypt,1989,0
Egypt,1990,0
Egypt,1991,0
Egypt,1992,0
Egypt,1993,0
Egypt,1994,0
Egypt,1995,0
Egypt,1996,0
Egypt,1997,0
Egypt,1998,0
Egypt,1999,0
Egypt,2000,0
Egypt,2001,0
Egypt,2002,0
Egypt,2003,0
Egypt,2004,0
Egypt,2005,0
Egypt,2006,0
Egypt,2007,0
Egypt,2008,0
Egypt,2009,0.001
Egypt,2010,0.007
Egypt,2011,0.069
Egypt,2012,0.135
Egypt,2013,0.007
Egypt,2014,0.037
Egypt,2015,0.011
Egypt,2016,0.057
Egypt,2017,0.143
Egypt,2018,0.128
Egypt,2019,0.442
Egypt,2020,0.708
Estonia,1985,0
Estonia,1986,0
Estonia,1987,0
Estonia,1988,0
Estonia,1989,0
Estonia,1990,0
Estonia,1991,0
Estonia,1992,0
Estonia,1993,0
Estonia,1994,0
Estonia,1995,0
Estonia,1996,0
Estonia,1997,0
Estonia,1998,0
Estonia,1999,0
Estonia,2000,0
Estonia,2001,0
Estonia,2002,0
Estonia,2003,0
Estonia,2004,0
Estonia,2005,0
Estonia,2006,0
Estonia,2007,0
Estonia,2008,0
Estonia,2009,0
Estonia,2010,0
Estonia,2011,0.001
Estonia,2012,0.001
Estonia,2013,0.005
Estonia,2014,0.01
Estonia,2015,0.021
Estonia,2016,0.034
Estonia,2017,0.046
Estonia,2018,0.095
Estonia,2019,0.479
Estonia,2020,0.6
Europe,1965,0
Europe,1966,0
Europe,1967,0
Europe,1968,0
Europe,1969,0
Europe,1970,0
Europe,1971,0
Europe,1972,0
Europe,1973,0
Europe,1974,0
Europe,1975,0
Europe,1976,0
Europe,1977,0
Europe,1978,0
Europe,1979,0
Europe,1980,0
Europe,1981,0
Europe,1982,0
Europe,1983,0
Europe,1984,0
Europe,1985,0
Europe,1986,0
Europe,1987,0
Europe,1988,0
Europe,1989,0
Europe,1990,0
Europe,1991,0
Europe,1992,0
Europe,1993,0
Europe,1994,0
Europe,1995,0.001
Europe,1996,0.001
Europe,1997,0.001
Europe,1998,0.001
Europe,1999,0.001
Europe,2000,0.002
Europe,2001,0.002
Europe,2002,0.003
Europe,2003,0.005
Europe,2004,0.008
Europe,2005,0.016
Europe,2006,0.026
Europe,2007,0.04
Europe,2008,0.079
Europe,2009,0.157
Europe,2010,0.247
Europe,2011,0.504
Europe,2012,0.773
Europe,2013,0.939
Europe,2014,1.104
Europe,2015,1.209
Europe,2016,1.23
Europe,2017,1.321
Europe,2018,1.463
Europe,2019,1.632
Europe,2020,2.059
European Union (27),1965,0
European Union (27),1966,0
European Union (27),1967,0
European Union (27),1968,0
European Union (27),1969,0
European Union (27),1970,0
European Union (27),1971,0
European Union (27),1972,0
European Union (27),1973,0
European Union (27),1974,0
European Union (27),1975,0
European Union (27),1976,0
European Union (27),1977,0
European Union (27),1978,0
European Union (27),1979,0
European Union (27),1980,0
European Union (27),1981,0
European Union (27),1982,0
European Union (27),1983,0
European Union (27),1984,0
European Union (27),1985,0
European Union (27),1986,0
European Union (27),1987,0
European Union (27),1988,0
European Union (27),1989,0
European Union (27),1990,0
European Union (27),1991,0
European Union (27),1992,0
European Union (27),1993,0
European Union (27),1994,0.001
European Union (27),1995,0.001
European Union (27),1996,0.001
European Union (27),1997,0.001
European Union (27),1998,0.001
European Union (27),1999,0.001
European Union (27),2000,0.002
European Union (27),2001,0.002
European Union (27),2002,0.004
European Union (27),2003,0.007
European Union (27),2004,0.01
European Union (27),2005,0.021
European Union (27),2006,0.035
European Union (27),2007,0.054
European Union (27),2008,0.106
European Union (27),2009,0.213
European Union (27),2010,0.333
European Union (27),2011,0.684
European Union (27),2012,1.039
European Union (27),2013,1.25
European Union (27),2014,1.436
European Union (27),2015,1.515
European Union (27),2016,1.49
European Union (27),2017,1.563
European Union (27),2018,1.663
European Union (27),2019,1.838
European Union (27),2020,2.329
Finland,1965,0
Finland,1966,0
Finland,1967,0
Finland,1968,0
Finland,1969,0
Finland,1970,0
Finland,1971,0
Finland,1972,0
Finland,1973,0
Finland,1974,0
Finland,1975,0
Finland,1976,0
Finland,1977,0
Finland,1978,0
Finland,1979,0
Finland,1980,0
Finland,1981,0
Finland,1982,0
Finland,1983,0
Finland,1984,0
Finland,1985,0
Finland,1986,0
Finland,1987,0
Finland,1988,0
Finland,1989,0
Finland,1990,0
Finland,1991,0
Finland,1992,0.001
Finland,1993,0.001
Finland,1994,0.001
Finland,1995,0.001
Finland,1996,0.001
Finland,1997,0.001
Finland,1998,0.001
Finland,1999,0.001
Finland,2000,0.001
Finland,2001,0.001
Finland,2002,0.001
Finland,2003,0.001
Finland,2004,0.002
Finland,2005,0.002
Finland,2006,0.002
Finland,2007,0.003
Finland,2008,0.003
Finland,2009,0.003
Finland,2010,0.003
Finland,2011,0.004
Finland,2012,0.004
Finland,2013,0.005
Finland,2014,0.006
Finland,2015,0.009
Finland,2016,0.017
Finland,2017,0.039
Finland,2018,0.07
Finland,2019,0.118
Finland,2020,0.209
France,1965,0
France,1966,0
France,1967,0
France,1968,0
France,1969,0
France,1970,0
France,1971,0
France,1972,0
France,1973,0
France,1974,0
France,1975,0
France,1976,0
France,1977,0
France,1978,0
France,1979,0
France,1980,0
France,1981,0
France,1982,0
France,1983,0
France,1984,0
France,1985,0
France,1986,0
France,1987,0
France,1988,0
France,1989,0
France,1990,0
France,1991,0
France,1992,0
France,1993,0
France,1994,0
France,1995,0
France,1996,0
France,1997,0
France,1998,0
France,1999,0
France,2000,0
France,2001,0.001
France,2002,0.001
France,2003,0.001
France,2004,0.001
France,2005,0.001
France,2006,0.001
France,2007,0.002
France,2008,0.004
France,2009,0.016
France,2010,0.055
France,2011,0.189
France,2012,0.364
France,2013,0.422
France,2014,0.548
France,2015,0.665
France,2016,0.755
France,2017,0.843
France,2018,0.943
France,2019,1.083
France,2020,1.334
Germany,1965,0
Germany,1966,0
Germany,1967,0
Germany,1968,0
Germany,1969,0
Germany,1970,0
Germany,1971,0
Germany,1972,0
Germany,1973,0
Germany,1974,0
Germany,1975,0
Germany,1976,0
Germany,1977,0
Germany,1978,0
Germany,1979,0
Germany,1980,0
Germany,1981,0
Germany,1982,0
Germany,1983,0
Germany,1984,0
Germany,1985,0
Germany,1986,0
Germany,1987,0
Germany,1988,0
Germany,1989,0
Germany,1990,0
Germany,1991,0
Germany,1992,0
Germany,1993,0
Germany,1994,0
Germany,1995,0
Germany,1996,0.001
Germany,1997,0.001
Germany,1998,0.002
Germany,1999,0.002
Germany,2000,0.004
Germany,2001,0.005
Germany,2002,0.011
Germany,2003,0.021
Germany,2004,0.038
Germany,2005,0.088
Germany,2006,0.147
Germany,2007,0.212
Germany,2008,0.299
Germany,2009,0.473
Germany,2010,0.803
Germany,2011,1.385
Germany,2012,1.83
Germany,2013,2.08
Germany,2014,2.509
Germany,2015,2.632
Germany,2016,2.533
Germany,2017,2.573
Germany,2018,3.049
Germany,2019,3.169
Germany,2020,3.711
Greece,1965,0
Greece,1966,0
Greece,1967,0
Greece,1968,0
Greece,1969,0
Greece,1970,0
Greece,1971,0
Greece,1972,0
Greece,1973,0
Greece,1974,0
Greece,1975,0
Greece,1976,0
Greece,1977,0
Greece,1978,0
Greece,1979,0
Greece,1980,0
Greece,1981,0
Greece,1982,0
Greece,1983,0
Greece,1984,0
Greece,1985,0
Greece,1986,0
Greece,1987,0
Greece,1988,0
Greece,1989,0
Greece,1990,0
Greece,1991,0
Greece,1992,0
Greece,1993,0
Greece,1994,0
Greece,1995,0
Greece,1996,0
Greece,1997,0
Greece,1998,0
Greece,1999,0
Greece,2000,0
Greece,2001,0
Greece,2002,0
Greece,2003,0
Greece,2004,0.001
Greece,2005,0.001
Greece,2006,0.001
Greece,2007,0.001
Greece,2008,0.003
Greece,2009,0.034
Greece,2010,0.111
Greece,2011,0.433
Greece,2012,1.273
Greece,2013,2.903
Greece,2014,3.188
Greece,2015,3.227
Greece,2016,3.295
Greece,2017,3.174
Greece,2018,2.996
Greece,2019,3.31
Greece,2020,4.326
Hong Kong,1965,0
Hong Kong,1966,0
Hong Kong,1967,0
Hong Kong,1968,0
Hong Kong,1969,0
Hong Kong,1970,0
Hong Kong,1971,0
Hong Kong,1972,0
Hong Kong,1973,0
Hong Kong,1974,0
Hong Kong,1975,0
Hong Kong,1976,0
Hong Kong,1977,0
Hong Kong,1978,0
Hong Kong,1979,0
Hong Kong,1980,0
Hong Kong,1981,0
Hong Kong,1982,0
Hong Kong,1983,0
Hong Kong,1984,0
Hong Kong,1985,0
Hong Kong,1986,0
Hong Kong,1987,0
Hong Kong,1988,0
Hong Kong,1989,0
Hong Kong,1990,0
Hong Kong,1991,0
Hong Kong,1992,0
Hong Kong,1993,0
Hong Kong,1994,0
Hong Kong,1995,0
Hong Kong,1996,0
Hong Kong,1997,0
Hong Kong,1998,0
Hong Kong,1999,0
Hong Kong,2000,0
Hong Kong,2001,0
Hong Kong,2002,0
Hong Kong,2003,0
Hong Kong,2004,0
Hong Kong,2005,0
Hong Kong,2006,0
Hong Kong,2007,0
Hong Kong,2008,0
Hong Kong,2009,0
Hong Kong,2010,0
Hong Kong,2011,0.001
Hong Kong,2012,0.001
Hong Kong,2013,0.001
Hong Kong,2014,0.001
Hong Kong,2015,0.001
Hong Kong,2016,0.001
Hong Kong,2017,0.001
Hong Kong,2018,0.001
Hong Kong,2019,0.001
Hong Kong,2020,0.001
Hungary,1965,0
Hungary,1966,0
Hungary,1967,0
Hungary,1968,0
Hungary,1969,0
Hungary,1970,0
Hungary,1971,0
Hungary,1972,0
Hungary,1973,0
Hungary,1974,0
Hungary,1975,0
Hungary,1976,0
Hungary,1977,0
Hungary,1978,0
Hungary,1979,0
Hungary,1980,0
Hungary,1981,0
Hungary,1982,0
Hungary,1983,0
Hungary,1984,0
Hungary,1985,0
Hungary,1986,0
Hungary,1987,0
Hungary,1988,0
Hungary,1989,0
Hungary,1990,0
Hungary,1991,0
Hungary,1992,0
Hungary,1993,0
Hungary,1994,0
Hungary,1995,0
Hungary,1996,0
Hungary,1997,0
Hungary,1998,0
Hungary,1999,0
Hungary,2000,0
Hungary,2001,0
Hungary,2002,0
Hungary,2003,0
Hungary,2004,0
Hungary,2005,0
Hungary,2006,0
Hungary,2007,0
Hungary,2008,0.001
Hungary,2009,0.001
Hungary,2010,0.001
Hungary,2011,0.001
Hungary,2012,0.008
Hungary,2013,0.027
Hungary,2014,0.072
Hungary,2015,0.143
Hungary,2016,0.242
Hungary,2017,0.327
Hungary,2018,0.582
Hungary,2019,1.362
Hungary,2020,2.176
Iceland,1965,0
Iceland,1966,0
Iceland,1967,0
Iceland,1968,0
Iceland,1969,0
Iceland,1970,0
Iceland,1971,0
Iceland,1972,0
Iceland,1973,0
Iceland,1974,0
Iceland,1975,0
Iceland,1976,0
Iceland,1977,0
Iceland,1978,0
Iceland,1979,0
Iceland,1980,0
Iceland,1981,0
Iceland,1982,0
Iceland,1983,0
Iceland,1984,0
Iceland,1985,0
Iceland,1986,0
Iceland,1987,0
Iceland,1988,0
Iceland,1989,0
Iceland,1990,0
Iceland,1991,0
Iceland,1992,0
Iceland,1993,0
Iceland,1994,0
Iceland,1995,0
Iceland,1996,0
Iceland,1997,0
Iceland,1998,0
Iceland,1999,0
Iceland,2000,0
Iceland,2001,0
Iceland,2002,0
Iceland,2003,0
Iceland,2004,0
Iceland,2005,0
Iceland,2006,0
Iceland,2007,0
Iceland,2008,0
Iceland,2009,0
Iceland,2010,0
Iceland,2011,0
Iceland,2012,0
Iceland,2013,0
Iceland,2014,0
Iceland,2015,0
Iceland,2016,0
Iceland,2017,0
Iceland,2018,0
Iceland,2019,0
Iceland,2020,0
India,1965,0
India,1966,0
India,1967,0
India,1968,0
India,1969,0
India,1970,0
India,1971,0
India,1972,0
India,1973,0
India,1974,0
India,1975,0
India,1976,0
India,1977,0
India,1978,0
India,1979,0
India,1980,0
India,1981,0
India,1982,0
India,1983,0
India,1984,0
India,1985,0
India,1986,0
India,1987,0
India,1988,0
India,1989,0
India,1990,0
India,1991,0
India,1992,0
India,1993,0
India,1994,0
India,1995,0
India,1996,0.001
India,1997,0.001
India,1998,0
India,1999,0
India,2000,0.001
India,2001,0.001
India,2002,0.001
India,2003,0.001
India,2004,0.001
India,2005,0.001
India,2006,0
India,2007,0.003
India,2008,0.003
India,2009,0.003
India,2010,0.005
India,2011,0.032
India,2012,0.078
India,2013,0.122
India,2014,0.162
India,2015,0.208
India,2016,0.349
India,2017,0.623
India,2018,0.981
India,2019,1.217
India,2020,1.63
Indonesia,1965,0
Indonesia,1966,0
Indonesia,1967,0
Indonesia,1968,0
Indonesia,1969,0
Indonesia,1970,0
Indonesia,1971,0
Indonesia,1972,0
Indonesia,1973,0
Indonesia,1974,0
Indonesia,1975,0
Indonesia,1976,0
Indonesia,1977,0
Indonesia,1978,0
Indonesia,1979,0
Indonesia,1980,0
Indonesia,1981,0
Indonesia,1982,0
Indonesia,1983,0
Indonesia,1984,0
Indonesia,1985,0
Indonesia,1986,0
Indonesia,1987,0
Indonesia,1988,0
Indonesia,1989,0
Indonesia,1990,0
Indonesia,1991,0
Indonesia,1992,0
Indonesia,1993,0
Indonesia,1994,0
Indonesia,1995,0
Indonesia,1996,0
Indonesia,1997,0
Indonesia,1998,0
Indonesia,1999,0
Indonesia,2000,0
Indonesia,2001,0
Indonesia,2002,0
Indonesia,2003,0
Indonesia,2004,0
Indonesia,2005,0
Indonesia,2006,0
Indonesia,2007,0
Indonesia,2008,0
Indonesia,2009,0
Indonesia,2010,0
Indonesia,2011,0
Indonesia,2012,0
Indonesia,2013,0.001
Indonesia,2014,0.001
Indonesia,2015,0.001
Indonesia,2016,0.003
Indonesia,2017,0.003
Indonesia,2018,0.002
Indonesia,2019,0.006
Indonesia,2020,0.055
Iran,1965,0
Iran,1966,0
Iran,1967,0
Iran,1968,0
Iran,1969,0
Iran,1970,0
Iran,1971,0
Iran,1972,0
Iran,1973,0
Iran,1974,0
Iran,1975,0
Iran,1976,0
Iran,1977,0
Iran,1978,0
Iran,1979,0
Iran,1980,0
Iran,1981,0
Iran,1982,0
Iran,1983,0
Iran,1984,0
Iran,1985,0
Iran,1986,0
Iran,1987,0
Iran,1988,0
Iran,1989,0
Iran,1990,0
Iran,1991,0
Iran,1992,0
Iran,1993,0
Iran,1994,0
Iran,1995,0
Iran,1996,0
Iran,1997,0
Iran,1998,0
Iran,1999,0
Iran,2000,0
Iran,2001,0
Iran,2002,0
Iran,2003,0
Iran,2004,0
Iran,2005,0
Iran,2006,0
Iran,2007,0
Iran,2008,0
Iran,2009,0
Iran,2010,0
Iran,2011,0
Iran,2012,0
Iran,2013,0
Iran,2014,0
Iran,2015,0
Iran,2016,0
Iran,2017,0.007
Iran,2018,0.017
Iran,2019,0.021
Iran,2020,0.024
Iraq,1965,0
Iraq,1966,0
Iraq,1967,0
Iraq,1968,0
Iraq,1969,0
Iraq,1970,0
Iraq,1971,0
Iraq,1972,0
Iraq,1973,0
Iraq,1974,0
Iraq,1975,0
Iraq,1976,0
Iraq,1977,0
Iraq,1978,0
Iraq,1979,0
Iraq,1980,0
Iraq,1981,0
Iraq,1982,0
Iraq,1983,0
Iraq,1984,0
Iraq,1985,0
Iraq,1986,0
Iraq,1987,0
Iraq,1988,0
Iraq,1989,0
Iraq,1990,0
Iraq,1991,0
Iraq,1992,0
Iraq,1993,0
Iraq,1994,0
Iraq,1995,0
Iraq,1996,0
Iraq,1997,0
Iraq,1998,0
Iraq,1999,0
Iraq,2000,0
Iraq,2001,0
Iraq,2002,0
Iraq,2003,0
Iraq,2004,0
Iraq,2005,0
Iraq,2006,0
Iraq,2007,0
Iraq,2008,0
Iraq,2009,0
Iraq,2010,0
Iraq,2011,0
Iraq,2012,0
Iraq,2013,0.024
Iraq,2014,0.031
Iraq,2015,0.031
Iraq,2016,0.027
Iraq,2017,0.027
Iraq,2018,0.169
Iraq,2019,0.153
Iraq,2020,0.162
Ireland,1965,0
Ireland,1966,0
Ireland,1967,0
Ireland,1968,0
Ireland,1969,0
Ireland,1970,0
Ireland,1971,0
Ireland,1972,0
Ireland,1973,0
Ireland,1974,0
Ireland,1975,0
Ireland,1976,0
Ireland,1977,0
Ireland,1978,0
Ireland,1979,0
Ireland,1980,0
Ireland,1981,0
Ireland,1982,0
Ireland,1983,0
Ireland,1984,0
Ireland,1985,0
Ireland,1986,0
Ireland,1987,0
Ireland,1988,0
Ireland,1989,0
Ireland,1990,0
Ireland,1991,0
Ireland,1992,0
Ireland,1993,0
Ireland,1994,0
Ireland,1995,0
Ireland,1996,0
Ireland,1997,0
Ireland,1998,0
Ireland,1999,0
Ireland,2000,0
Ireland,2001,0
Ireland,2002,0
Ireland,2003,0
Ireland,2004,0
Ireland,2005,0
Ireland,2006,0
Ireland,2007,0
Ireland,2008,0
Ireland,2009,0.001
Ireland,2010,0.001
Ireland,2011,0.001
Ireland,2012,0.001
Ireland,2013,0.001
Ireland,2014,0.001
Ireland,2015,0.002
Ireland,2016,0.007
Ireland,2017,0.015
Ireland,2018,0.022
Ireland,2019,0.029
Ireland,2020,0.031
Israel,1965,0
Israel,1966,0
Israel,1967,0
Israel,1968,0
Israel,1969,0
Israel,1970,0
Israel,1971,0
Israel,1972,0
Israel,1973,0
Israel,1974,0
Israel,1975,0
Israel,1976,0
Israel,1977,0
Israel,1978,0
Israel,1979,0
Israel,1980,0
Israel,1981,0
Israel,1982,0
Israel,1983,0
Israel,1984,0
Israel,1985,0
Israel,1986,0
Israel,1987,0
Israel,1988,0
Israel,1989,0
Israel,1990,0
Israel,1991,0
Israel,1992,0
Israel,1993,0
Israel,1994,0
Israel,1995,0
Israel,1996,0
Israel,1997,0
Israel,1998,0
Israel,1999,0
Israel,2000,0
Israel,2001,0
Israel,2002,0
Israel,2003,0
Israel,2004,0
Israel,2005,0
Israel,2006,0
Israel,2007,0
Israel,2008,0
Israel,2009,0.024
Israel,2010,0.066
Israel,2011,0.176
Israel,2012,0.323
Israel,2013,0.463
Israel,2014,0.795
Israel,2015,1.084
Israel,2016,1.425
Israel,2017,1.362
Israel,2018,1.503
Israel,2019,2.46
Israel,2020,4.653
Italy,1965,0
Italy,1966,0
Italy,1967,0
Italy,1968,0
Italy,1969,0
Italy,1970,0
Italy,1971,0
Italy,1972,0
Italy,1973,0
Italy,1974,0
Italy,1975,0
Italy,1976,0
Italy,1977,0
Italy,1978,0
Italy,1979,0
Italy,1980,0
Italy,1981,0
Italy,1982,0
Italy,1983,0
Italy,1984,0
Italy,1985,0
Italy,1986,0
Italy,1987,0
Italy,1988,0
Italy,1989,0
Italy,1990,0.001
Italy,1991,0.001
Italy,1992,0.001
Italy,1993,0.002
Italy,1994,0.002
Italy,1995,0.002
Italy,1996,0.002
Italy,1997,0.002
Italy,1998,0.002
Italy,1999,0.002
Italy,2000,0.002
Italy,2001,0.003
Italy,2002,0.003
Italy,2003,0.003
Italy,2004,0.004
Italy,2005,0.004
Italy,2006,0.004
Italy,2007,0.005
Italy,2008,0.024
Italy,2009,0.091
Italy,2010,0.246
Italy,2011,1.413
Italy,2012,2.526
Italy,2013,3.016
Italy,2014,3.274
Italy,2015,3.253
Italy,2016,3.105
Italy,2017,3.363
Italy,2018,3.084
Italy,2019,3.276
Italy,2020,3.932
Japan,1965,0
Japan,1966,0
Japan,1967,0
Japan,1968,0
Japan,1969,0
Japan,1970,0
Japan,1971,0
Japan,1972,0
Japan,1973,0
Japan,1974,0
Japan,1975,0
Japan,1976,0
Japan,1977,0
Japan,1978,0
Japan,1979,0
Japan,1980,0
Japan,1981,0
Japan,1982,0
Japan,1983,0
Japan,1984,0
Japan,1985,0
Japan,1986,0
Japan,1987,0
Japan,1988,0
Japan,1989,0
Japan,1990,0
Japan,1991,0
Japan,1992,0.001
Japan,1993,0.001
Japan,1994,0.001
Japan,1995,0.002
Japan,1996,0.003
Japan,1997,0.004
Japan,1998,0.007
Japan,1999,0.01
Japan,2000,0.015
Japan,2001,0.022
Japan,2002,0.031
Japan,2003,0.042
Japan,2004,0.056
Japan,2005,0.07
Japan,2006,0.086
Japan,2007,0.1
Japan,2008,0.113
Japan,2009,0.145
Japan,2010,0.177
Japan,2011,0.253
Japan,2012,0.344
Japan,2013,0.603
Japan,2014,1.123
Japan,2015,1.662
Japan,2016,2.097
Japan,2017,2.582
Japan,2018,2.955
Japan,2019,3.507
Japan,2020,4.325
Kazakhstan,1985,0
Kazakhstan,1986,0
Kazakhstan,1987,0
Kazakhstan,1988,0
Kazakhstan,1989,0
Kazakhstan,1990,0
Kazakhstan,1991,0
Kazakhstan,1992,0
Kazakhstan,1993,0
Kazakhstan,1994,0
Kazakhstan,1995,0
Kazakhstan,1996,0
Kazakhstan,1997,0
Kazakhstan,1998,0
Kazakhstan,1999,0
Kazakhstan,2000,0
Kazakhstan,2001,0
Kazakhstan,2002,0
Kazakhstan,2003,0
Kazakhstan,2004,0
Kazakhstan,2005,0
Kazakhstan,2006,0
Kazakhstan,2007,0
Kazakhstan,2008,0
Kazakhstan,2009,0
Kazakhstan,2010,0
Kazakhstan,2011,0
Kazakhstan,2012,0
Kazakhstan,2013,0
Kazakhstan,2014,0
Kazakhstan,2015,0.015
Kazakhstan,2016,0.029
Kazakhstan,2017,0.028
Kazakhstan,2018,0.039
Kazakhstan,2019,0.111
Kazakhstan,2020,0.735
Kuwait,1965,0
Kuwait,1966,0
Kuwait,1967,0
Kuwait,1968,0
Kuwait,1969,0
Kuwait,1970,0
Kuwait,1971,0
Kuwait,1972,0
Kuwait,1973,0
Kuwait,1974,0
Kuwait,1975,0
Kuwait,1976,0
Kuwait,1977,0
Kuwait,1978,0
Kuwait,1979,0
Kuwait,1980,0
Kuwait,1981,0
Kuwait,1982,0
Kuwait,1983,0
Kuwait,1984,0
Kuwait,1985,0
Kuwait,1986,0
Kuwait,1987,0
Kuwait,1988,0
Kuwait,1989,0
Kuwait,1990,0
Kuwait,1991,0
Kuwait,1992,0
Kuwait,1993,0
Kuwait,1994,0
Kuwait,1995,0
Kuwait,1996,0
Kuwait,1997,0
Kuwait,1998,0
Kuwait,1999,0
Kuwait,2000,0
Kuwait,2001,0
Kuwait,2002,0
Kuwait,2003,0
Kuwait,2004,0
Kuwait,2005,0
Kuwait,2006,0
Kuwait,2007,0
Kuwait,2008,0
Kuwait,2009,0
Kuwait,2010,0
Kuwait,2011,0
Kuwait,2012,0
Kuwait,2013,0
Kuwait,2014,0.002
Kuwait,2015,0.003
Kuwait,2016,0.027
Kuwait,2017,0.028
Kuwait,2018,0.038
Kuwait,2019,0.082
Kuwait,2020,0.09
Latvia,1985,0
Latvia,1986,0
Latvia,1987,0
Latvia,1988,0
Latvia,1989,0
Latvia,1990,0
Latvia,1991,0
Latvia,1992,0
Latvia,1993,0
Latvia,1994,0
Latvia,1995,0
Latvia,1996,0
Latvia,1997,0
Latvia,1998,0
Latvia,1999,0
Latvia,2000,0
Latvia,2001,0
Latvia,2002,0
Latvia,2003,0
Latvia,2004,0
Latvia,2005,0
Latvia,2006,0
Latvia,2007,0
Latvia,2008,0
Latvia,2009,0
Latvia,2010,0
Latvia,2011,0.001
Latvia,2012,0.001
Latvia,2013,0.001
Latvia,2014,0.001
Latvia,2015,0.001
Latvia,2016,0.002
Latvia,2017,0.002
Latvia,2018,0.007
Latvia,2019,0.018
Latvia,2020,0.019
Lithuania,1985,0
Lithuania,1986,0
Lithuania,1987,0
Lithuania,1988,0
Lithuania,1989,0
Lithuania,1990,0
Lithuania,1991,0
Lithuania,1992,0
Lithuania,1993,0
Lithuania,1994,0
Lithuania,1995,0
Lithuania,1996,0
Lithuania,1997,0
Lithuania,1998,0
Lithuania,1999,0
Lithuania,2000,0
Lithuania,2001,0
Lithuania,2002,0
Lithuania,2003,0
Lithuania,2004,0
Lithuania,2005,0
Lithuania,2006,0
Lithuania,2007,0
Lithuania,2008,0
Lithuania,2009,0
Lithuania,2010,0
Lithuania,2011,0
Lithuania,2012,0.009
Lithuania,2013,0.182
Lithuania,2014,0.306
Lithuania,2015,0.293
Lithuania,2016,0.259
Lithuania,2017,0.244
Lithuania,2018,0.285
Lithuania,2019,0.325
Lithuania,2020,0.321
Luxembourg,1965,0
Luxembourg,1966,0
Luxembourg,1967,0
Luxembourg,1968,0
Luxembourg,1969,0
Luxembourg,1970,0
Luxembourg,1971,0
Luxembourg,1972,0
Luxembourg,1973,0
Luxembourg,1974,0
Luxembourg,1975,0
Luxembourg,1976,0
Luxembourg,1977,0
Luxembourg,1978,0
Luxembourg,1979,0
Luxembourg,1980,0
Luxembourg,1981,0
Luxembourg,1982,0
Luxembourg,1983,0
Luxembourg,1984,0
Luxembourg,1985,0
Luxembourg,1986,0
Luxembourg,1987,0
Luxembourg,1988,0
Luxembourg,1989,0
Luxembourg,1990,0
Luxembourg,1991,0
Luxembourg,1992,0
Luxembourg,1993,0
Luxembourg,1994,0
Luxembourg,1995,0
Luxembourg,1996,0
Luxembourg,1997,0
Luxembourg,1998,0
Luxembourg,1999,0
Luxembourg,2000,0
Luxembourg,2001,0
Luxembourg,2002,0
Luxembourg,2003,0.008
Luxembourg,2004,0.048
Luxembourg,2005,0.091
Luxembourg,2006,0.109
Luxembourg,2007,0.111
Luxembourg,2008,0.106
Luxembourg,2009,0.112
Luxembourg,2010,0.11
Luxembourg,2011,0.137
Luxembourg,2012,0.206
Luxembourg,2013,0.414
Luxembourg,2014,0.546
Luxembourg,2015,0.612
Luxembourg,2016,0.596
Luxembourg,2017,0.614
Luxembourg,2018,0.644
Luxembourg,2019,0.687
Luxembourg,2020,1.277
Malaysia,1965,0
Malaysia,1966,0
Malaysia,1967,0
Malaysia,1968,0
Malaysia,1969,0
Malaysia,1970,0
Malaysia,1971,0
Malaysia,1972,0
Malaysia,1973,0
Malaysia,1974,0
Malaysia,1975,0
Malaysia,1976,0
Malaysia,1977,0
Malaysia,1978,0
Malaysia,1979,0
Malaysia,1980,0
Malaysia,1981,0
Malaysia,1982,0
Malaysia,1983,0
Malaysia,1984,0
Malaysia,1985,0
Malaysia,1986,0
Malaysia,1987,0
Malaysia,1988,0
Malaysia,1989,0
Malaysia,1990,0
Malaysia,1991,0
Malaysia,1992,0
Malaysia,1993,0
Malaysia,1994,0
Malaysia,1995,0
Malaysia,1996,0
Malaysia,1997,0
Malaysia,1998,0
Malaysia,1999,0
Malaysia,2000,0
Malaysia,2001,0
Malaysia,2002,0
Malaysia,2003,0
Malaysia,2004,0
Malaysia,2005,0
Malaysia,2006,0
Malaysia,2007,0
Malaysia,2008,0
Malaysia,2009,0
Malaysia,2010,0
Malaysia,2011,0
Malaysia,2012,0.002
Malaysia,2013,0.033
Malaysia,2014,0.053
Malaysia,2015,0.062
Malaysia,2016,0.067
Malaysia,2017,0.07
Malaysia,2018,0.131
Malaysia,2019,0.146
Malaysia,2020,0.264
Mexico,1965,0
Mexico,1966,0
Mexico,1967,0
Mexico,1968,0
Mexico,1969,0
Mexico,1970,0
Mexico,1971,0
Mexico,1972,0
Mexico,1973,0
Mexico,1974,0
Mexico,1975,0
Mexico,1976,0
Mexico,1977,0
Mexico,1978,0
Mexico,1979,0
Mexico,1980,0
Mexico,1981,0
Mexico,1982,0
Mexico,1983,0
Mexico,1984,0
Mexico,1985,0
Mexico,1986,0
Mexico,1987,0
Mexico,1988,0
Mexico,1989,0
Mexico,1990,0
Mexico,1991,0
Mexico,1992,0.001
Mexico,1993,0.001
Mexico,1994,0.001
Mexico,1995,0.001
Mexico,1996,0.001
Mexico,1997,0.001
Mexico,1998,0.001
Mexico,1999,0.001
Mexico,2000,0.001
Mexico,2001,0.001
Mexico,2002,0.001
Mexico,2003,0.001
Mexico,2004,0.001
Mexico,2005,0.001
Mexico,2006,0.001
Mexico,2007,0.001
Mexico,2008,0.003
Mexico,2009,0.004
Mexico,2010,0.004
Mexico,2011,0.005
Mexico,2012,0.008
Mexico,2013,0.013
Mexico,2014,0.026
Mexico,2015,0.024
Mexico,2016,0.017
Mexico,2017,0.135
Mexico,2018,0.363
Mexico,2019,0.869
Mexico,2020,1.628
Middle Africa,1965,0
Middle Africa,1966,0
Middle Africa,1967,0
Middle Africa,1968,0
Middle Africa,1969,0
Middle Africa,1970,0
Middle Africa,1971,0
Middle Africa,1972,0
Middle Africa,1973,0
Middle Africa,1974,0
Middle Africa,1975,0
Middle Africa,1976,0
Middle Africa,1977,0
Middle Africa,1978,0
Middle Africa,1979,0
Middle Africa,1980,0
Middle Africa,1981,0
Middle Africa,1982,0
Middle Africa,1983,0
Middle Africa,1984,0
Middle Africa,1985,0
Middle Africa,1986,0
Middle Africa,1987,0
Middle Africa,1988,0
Middle Africa,1989,0
Middle Africa,1990,0
Middle Africa,1991,0
Middle Africa,1992,0
Middle Africa,1993,0
Middle Africa,1994,0
Middle Africa,1995,0
Middle Africa,1996,0
Middle Africa,1997,0
Middle Africa,1998,0
Middle Africa,1999,0
Middle Africa,2000,0
Middle Africa,2001,0
Middle Africa,2002,0.001
Middle Africa,2003,0.002
Middle Africa,2004,0.002
Middle Africa,2005,0.003
Middle Africa,2006,0.003
Middle Africa,2007,0.008
Middle Africa,2008,0.013
Middle Africa,2009,0.016
Middle Africa,2010,0.019
Middle Africa,2011,0.022
Middle Africa,2012,0.025
Middle Africa,2013,0.026
Middle Africa,2014,0.029
Middle Africa,2015,0.033
Middle Africa,2016,0.038
Middle Africa,2017,0.044
Middle Africa,2018,0.065
Middle Africa,2019,0.068
Middle Africa,2020,0.072
Middle East,1965,0
Middle East,1966,0
Middle East,1967,0
Middle East,1968,0
Middle East,1969,0
Middle East,1970,0
Middle East,1971,0
Middle East,1972,0
Middle East,1973,0
Middle East,1974,0
Middle East,1975,0
Middle East,1976,0
Middle East,1977,0
Middle East,1978,0
Middle East,1979,0
Middle East,1980,0
Middle East,1981,0
Middle East,1982,0
Middle East,1983,0
Middle East,1984,0
Middle East,1985,0
Middle East,1986,0
Middle East,1987,0
Middle East,1988,0
Middle East,1989,0
Middle East,1990,0
Middle East,1991,0
Middle East,1992,0
Middle East,1993,0
Middle East,1994,0
Middle East,1995,0
Middle East,1996,0
Middle East,1997,0
Middle East,1998,0
Middle East,1999,0
Middle East,2000,0
Middle East,2001,0
Middle East,2002,0
Middle East,2003,0
Middle East,2004,0
Middle East,2005,0
Middle East,2006,0
Middle East,2007,0
Middle East,2008,0
Middle East,2009,0.001
Middle East,2010,0.003
Middle East,2011,0.007
Middle East,2012,0.013
Middle East,2013,0.019
Middle East,2014,0.035
Middle East,2015,0.048
Middle East,2016,0.071
Middle East,2017,0.097
Middle East,2018,0.148
Middle East,2019,0.282
Middle East,2020,0.399
Morocco,1965,0
Morocco,1966,0
Morocco,1967,0
Morocco,1968,0
Morocco,1969,0
Morocco,1970,0
Morocco,1971,0
Morocco,1972,0
Morocco,1973,0
Morocco,1974,0
Morocco,1975,0
Morocco,1976,0
Morocco,1977,0
Morocco,1978,0
Morocco,1979,0
Morocco,1980,0
Morocco,1981,0
Morocco,1982,0
Morocco,1983,0
Morocco,1984,0
Morocco,1985,0
Morocco,1986,0
Morocco,1987,0
Morocco,1988,0
Morocco,1989,0
Morocco,1990,0
Morocco,1991,0
Morocco,1992,0
Morocco,1993,0
Morocco,1994,0
Morocco,1995,0
Morocco,1996,0
Morocco,1997,0
Morocco,1998,0
Morocco,1999,0
Morocco,2000,0
Morocco,2001,0
Morocco,2002,0
Morocco,2003,0
Morocco,2004,0
Morocco,2005,0
Morocco,2006,0
Morocco,2007,0
Morocco,2008,0
Morocco,2009,0
Morocco,2010,0
Morocco,2011,0
Morocco,2012,0
Morocco,2013,0
Morocco,2014,0
Morocco,2015,0.007
Morocco,2016,0.455
Morocco,2017,0.447
Morocco,2018,0.984
Morocco,2019,1.495
Morocco,2020,1.6
Netherlands,1965,0
Netherlands,1966,0
Netherlands,1967,0
Netherlands,1968,0
Netherlands,1969,0
Netherlands,1970,0
Netherlands,1971,0
Netherlands,1972,0
Netherlands,1973,0
Netherlands,1974,0
Netherlands,1975,0
Netherlands,1976,0
Netherlands,1977,0
Netherlands,1978,0
Netherlands,1979,0
Netherlands,1980,0
Netherlands,1981,0
Netherlands,1982,0
Netherlands,1983,0
Netherlands,1984,0
Netherlands,1985,0
Netherlands,1986,0
Netherlands,1987,0
Netherlands,1988,0
Netherlands,1989,0
Netherlands,1990,0
Netherlands,1991,0
Netherlands,1992,0
Netherlands,1993,0
Netherlands,1994,0
Netherlands,1995,0
Netherlands,1996,0.001
Netherlands,1997,0.001
Netherlands,1998,0.001
Netherlands,1999,0.001
Netherlands,2000,0.002
Netherlands,2001,0.003
Netherlands,2002,0.004
Netherlands,2003,0.008
Netherlands,2004,0.008
Netherlands,2005,0.008
Netherlands,2006,0.009
Netherlands,2007,0.009
Netherlands,2008,0.009
Netherlands,2009,0.011
Netherlands,2010,0.014
Netherlands,2011,0.024
Netherlands,2012,0.062
Netherlands,2013,0.129
Netherlands,2014,0.207
Netherlands,2015,0.29
Netherlands,2016,0.394
Netherlands,2017,0.562
Netherlands,2018,0.941
Netherlands,2019,1.354
Netherlands,2020,2.122
New Zealand,1965,0
New Zealand,1966,0
New Zealand,1967,0
New Zealand,1968,0
New Zealand,1969,0
New Zealand,1970,0
New Zealand,1971,0
New Zealand,1972,0
New Zealand,1973,0
New Zealand,1974,0
New Zealand,1975,0
New Zealand,1976,0
New Zealand,1977,0
New Zealand,1978,0
New Zealand,1979,0
New Zealand,1980,0
New Zealand,1981,0
New Zealand,1982,0
New Zealand,1983,0
New Zealand,1984,0
New Zealand,1985,0
New Zealand,1986,0
New Zealand,1987,0
New Zealand,1988,0
New Zealand,1989,0
New Zealand,1990,0
New Zealand,1991,0
New Zealand,1992,0
New Zealand,1993,0
New Zealand,1994,0
New Zealand,1995,0
New Zealand,1996,0
New Zealand,1997,0
New Zealand,1998,0
New Zealand,1999,0
New Zealand,2000,0
New Zealand,2001,0
New Zealand,2002,0
New Zealand,2003,0
New Zealand,2004,0
New Zealand,2005,0
New Zealand,2006,0
New Zealand,2007,0.004
New Zealand,2008,0.004
New Zealand,2009,0.004
New Zealand,2010,0.004
New Zealand,2011,0.005
New Zealand,2012,0.005
New Zealand,2013,0.007
New Zealand,2014,0.019
New Zealand,2015,0.038
New Zealand,2016,0.058
New Zealand,2017,0.077
New Zealand,2018,0.1
New Zealand,2019,0.123
New Zealand,2020,0.169
Non-OECD,1965,0
Non-OECD,1966,0
Non-OECD,1967,0
Non-OECD,1968,0
Non-OECD,1969,0
Non-OECD,1970,0
Non-OECD,1971,0
Non-OECD,1972,0
Non-OECD,1973,0
Non-OECD,1974,0
Non-OECD,1975,0
Non-OECD,1976,0
Non-OECD,1977,0
Non-OECD,1978,0
Non-OECD,1979,0
Non-OECD,1980,0
Non-OECD,1981,0
Non-OECD,1982,0
Non-OECD,1983,0
Non-OECD,1984,0
Non-OECD,1985,0
Non-OECD,1986,0
Non-OECD,1987,0
Non-OECD,1988,0
Non-OECD,1989,0
Non-OECD,1990,0
Non-OECD,1991,0
Non-OECD,1992,0
Non-OECD,1993,0
Non-OECD,1994,0
Non-OECD,1995,0
Non-OECD,1996,0
Non-OECD,1997,0
Non-OECD,1998,0
Non-OECD,1999,0
Non-OECD,2000,0
Non-OECD,2001,0
Non-OECD,2002,0
Non-OECD,2003,0.001
Non-OECD,2004,0.001
Non-OECD,2005,0.001
Non-OECD,2006,0.001
Non-OECD,2007,0.001
Non-OECD,2008,0.002
Non-OECD,2009,0.002
Non-OECD,2010,0.005
Non-OECD,2011,0.015
Non-OECD,2012,0.029
Non-OECD,2013,0.055
Non-OECD,2014,0.113
Non-OECD,2015,0.177
Non-OECD,2016,0.279
Non-OECD,2017,0.459
Non-OECD,2018,0.662
Non-OECD,2019,0.846
Non-OECD,2020,1.046
North Macedonia,1990,0
North Macedonia,1991,0
North Macedonia,1992,0
North Macedonia,1993,0
North Macedonia,1994,0
North Macedonia,1995,0
North Macedonia,1996,0
North Macedonia,1997,0
North Macedonia,1998,0
North Macedonia,1999,0
North Macedonia,2000,0
North Macedonia,2001,0
North Macedonia,2002,0
North Macedonia,2003,0
North Macedonia,2004,0
North Macedonia,2005,0
North Macedonia,2006,0
North Macedonia,2007,0
North Macedonia,2008,0
North Macedonia,2009,0
North Macedonia,2010,0
North Macedonia,2011,0.009
North Macedonia,2012,0.023
North Macedonia,2013,0.078
North Macedonia,2014,0.132
North Macedonia,2015,0.196
North Macedonia,2016,0.197
North Macedonia,2017,0.203
North Macedonia,2018,0.195
North Macedonia,2019,0.187
North Macedonia,2020,0.205
Norway,1965,0
Norway,1966,0
Norway,1967,0
Norway,1968,0
Norway,1969,0
Norway,1970,0
Norway,1971,0
Norway,1972,0
Norway,1973,0
Norway,1974,0
Norway,1975,0
Norway,1976,0
Norway,1977,0
Norway,1978,0
Norway,1979,0
Norway,1980,0
Norway,1981,0
Norway,1982,0
Norway,1983,0
Norway,1984,0
Norway,1985,0
Norway,1986,0
Norway,1987,0
Norway,1988,0
Norway,1989,0
Norway,1990,0
Norway,1991,0
Norway,1992,0
Norway,1993,0
Norway,1994,0
Norway,1995,0
Norway,1996,0
Norway,1997,0
Norway,1998,0
Norway,1999,0
Norway,2000,0.003
Norway,2001,0.003
Norway,2002,0.003
Norway,2003,0.004
Norway,2004,0.004
Norway,2005,0.003
Norway,2006,0.004
Norway,2007,0.004
Norway,2008,0.004
Norway,2009,0.004
Norway,2010,0.004
Norway,2011,0.005
Norway,2012,0.004
Norway,2013,0.005
Norway,2014,0.006
Norway,2015,0.006
Norway,2016,0.011
Norway,2017,0.019
Norway,2018,0.029
Norway,2019,0.054
Norway,2020,0.062
OECD,1965,0
OECD,1966,0
OECD,1967,0
OECD,1968,0
OECD,1969,0
OECD,1970,0
OECD,1971,0
OECD,1972,0
OECD,1973,0
OECD,1974,0
OECD,1975,0
OECD,1976,0
OECD,1977,0
OECD,1978,0
OECD,1979,0
OECD,1980,0
OECD,1981,0
OECD,1982,0
OECD,1983,0
OECD,1984,0
OECD,1985,0
OECD,1986,0
OECD,1987,0
OECD,1988,0
OECD,1989,0.001
OECD,1990,0.002
OECD,1991,0.003
OECD,1992,0.002
OECD,1993,0.003
OECD,1994,0.003
OECD,1995,0.003
OECD,1996,0.003
OECD,1997,0.003
OECD,1998,0.004
OECD,1999,0.004
OECD,2000,0.005
OECD,2001,0.006
OECD,2002,0.007
OECD,2003,0.009
OECD,2004,0.012
OECD,2005,0.016
OECD,2006,0.022
OECD,2007,0.03
OECD,2008,0.049
OECD,2009,0.085
OECD,2010,0.13
OECD,2011,0.244
OECD,2012,0.371
OECD,2013,0.481
OECD,2014,0.637
OECD,2015,0.773
OECD,2016,0.899
OECD,2017,1.074
OECD,2018,1.231
OECD,2019,1.44
OECD,2020,1.864
Oman,1965,0
Oman,1966,0
Oman,1967,0
Oman,1968,0
Oman,1969,0
Oman,1970,0
Oman,1971,0
Oman,1972,0
Oman,1973,0
Oman,1974,0
Oman,1975,0
Oman,1976,0
Oman,1977,0
Oman,1978,0
Oman,1979,0
Oman,1980,0
Oman,1981,0
Oman,1982,0
Oman,1983,0
Oman,1984,0
Oman,1985,0
Oman,1986,0
Oman,1987,0
Oman,1988,0
Oman,1989,0
Oman,1990,0
Oman,1991,0
Oman,1992,0
Oman,1993,0
Oman,1994,0
Oman,1995,0
Oman,1996,0
Oman,1997,0
Oman,1998,0
Oman,1999,0
Oman,2000,0
Oman,2001,0
Oman,2002,0
Oman,2003,0
Oman,2004,0
Oman,2005,0
Oman,2006,0
Oman,2007,0
Oman,2008,0
Oman,2009,0
Oman,2010,0
Oman,2011,0
Oman,2012,0
Oman,2013,0.001
Oman,2014,0.001
Oman,2015,0.003
Oman,2016,0.003
Oman,2017,0.011
Oman,2018,0.01
Oman,2019,0.011
Oman,2020,0.134
Pakistan,1965,0
Pakistan,1966,0
Pakistan,1967,0
Pakistan,1968,0
Pakistan,1969,0
Pakistan,1970,0
Pakistan,1971,0
Pakistan,1972,0
Pakistan,1973,0
Pakistan,1974,0
Pakistan,1975,0
Pakistan,1976,0
Pakistan,1977,0
Pakistan,1978,0
Pakistan,1979,0
Pakistan,1980,0
Pakistan,1981,0
Pakistan,1982,0
Pakistan,1983,0
Pakistan,1984,0
Pakistan,1985,0
Pakistan,1986,0
Pakistan,1987,0
Pakistan,1988,0
Pakistan,1989,0
Pakistan,1990,0
Pakistan,1991,0
Pakistan,1992,0
Pakistan,1993,0
Pakistan,1994,0
Pakistan,1995,0
Pakistan,1996,0
Pakistan,1997,0
Pakistan,1998,0
Pakistan,1999,0
Pakistan,2000,0
Pakistan,2001,0
Pakistan,2002,0
Pakistan,2003,0
Pakistan,2004,0
Pakistan,2005,0
Pakistan,2006,0
Pakistan,2007,0
Pakistan,2008,0.001
Pakistan,2009,0.002
Pakistan,2010,0.005
Pakistan,2011,0.009
Pakistan,2012,0.025
Pakistan,2013,0.05
Pakistan,2014,0.079
Pakistan,2015,0.115
Pakistan,2016,0.243
Pakistan,2017,0.351
Pakistan,2018,0.397
Pakistan,2019,0.412
Pakistan,2020,0.429
Peru,1965,0
Peru,1966,0
Peru,1967,0
Peru,1968,0
Peru,1969,0
Peru,1970,0
Peru,1971,0
Peru,1972,0
Peru,1973,0
Peru,1974,0
Peru,1975,0
Peru,1976,0
Peru,1977,0
Peru,1978,0
Peru,1979,0
Peru,1980,0
Peru,1981,0
Peru,1982,0
Peru,1983,0
Peru,1984,0
Peru,1985,0
Peru,1986,0
Peru,1987,0
Peru,1988,0
Peru,1989,0
Peru,1990,0
Peru,1991,0
Peru,1992,0
Peru,1993,0
Peru,1994,0
Peru,1995,0
Peru,1996,0
Peru,1997,0
Peru,1998,0
Peru,1999,0
Peru,2000,0
Peru,2001,0
Peru,2002,0
Peru,2003,0
Peru,2004,0
Peru,2005,0
Peru,2006,0
Peru,2007,0
Peru,2008,0
Peru,2009,0
Peru,2010,0
Peru,2011,0
Peru,2012,0.06
Peru,2013,0.192
Peru,2014,0.188
Peru,2015,0.206
Peru,2016,0.202
Peru,2017,0.232
Peru,2018,0.568
Peru,2019,0.574
Peru,2020,0.693
Philippines,1965,0
Philippines,1966,0
Philippines,1967,0
Philippines,1968,0
Philippines,1969,0
Philippines,1970,0
Philippines,1971,0
Philippines,1972,0
Philippines,1973,0
Philippines,1974,0
Philippines,1975,0
Philippines,1976,0
Philippines,1977,0
Philippines,1978,0
Philippines,1979,0
Philippines,1980,0
Philippines,1981,0
Philippines,1982,0
Philippines,1983,0
Philippines,1984,0
Philippines,1985,0
Philippines,1986,0
Philippines,1987,0
Philippines,1988,0
Philippines,1989,0
Philippines,1990,0
Philippines,1991,0
Philippines,1992,0
Philippines,1993,0
Philippines,1994,0
Philippines,1995,0
Philippines,1996,0
Philippines,1997,0
Philippines,1998,0
Philippines,1999,0
Philippines,2000,0
Philippines,2001,0
Philippines,2002,0
Philippines,2003,0
Philippines,2004,0
Philippines,2005,0.001
Philippines,2006,0.001
Philippines,2007,0.001
Philippines,2008,0.001
Philippines,2009,0.001
Philippines,2010,0.001
Philippines,2011,0.001
Philippines,2012,0.001
Philippines,2013,0.001
Philippines,2014,0.01
Philippines,2015,0.079
Philippines,2016,0.573
Philippines,2017,0.568
Philippines,2018,0.572
Philippines,2019,0.551
Philippines,2020,0.668
Poland,1965,0
Poland,1966,0
Poland,1967,0
Poland,1968,0
Poland,1969,0
Poland,1970,0
Poland,1971,0
Poland,1972,0
Poland,1973,0
Poland,1974,0
Poland,1975,0
Poland,1976,0
Poland,1977,0
Poland,1978,0
Poland,1979,0
Poland,1980,0
Poland,1981,0
Poland,1982,0
Poland,1983,0
Poland,1984,0
Poland,1985,0
Poland,1986,0
Poland,1987,0
Poland,1988,0
Poland,1989,0
Poland,1990,0
Poland,1991,0
Poland,1992,0
Poland,1993,0
Poland,1994,0
Poland,1995,0
Poland,1996,0
Poland,1997,0
Poland,1998,0
Poland,1999,0
Poland,2000,0
Poland,2001,0
Poland,2002,0
Poland,2003,0
Poland,2004,0
Poland,2005,0
Poland,2006,0
Poland,2007,0
Poland,2008,0
Poland,2009,0
Poland,2010,0
Poland,2011,0
Poland,2012,0
Poland,2013,0
Poland,2014,0.002
Poland,2015,0.013
Poland,2016,0.027
Poland,2017,0.034
Poland,2018,0.061
Poland,2019,0.15
Poland,2020,0.44
Portugal,1965,0
Portugal,1966,0
Portugal,1967,0
Portugal,1968,0
Portugal,1969,0
Portugal,1970,0
Portugal,1971,0
Portugal,1972,0
Portugal,1973,0
Portugal,1974,0
Portugal,1975,0
Portugal,1976,0
Portugal,1977,0
Portugal,1978,0
Portugal,1979,0
Portugal,1980,0
Portugal,1981,0
Portugal,1982,0
Portugal,1983,0
Portugal,1984,0
Portugal,1985,0
Portugal,1986,0
Portugal,1987,0
Portugal,1988,0
Portugal,1989,0.001
Portugal,1990,0
Portugal,1991,0
Portugal,1992,0
Portugal,1993,0
Portugal,1994,0
Portugal,1995,0
Portugal,1996,0.001
Portugal,1997,0.001
Portugal,1998,0.001
Portugal,1999,0.001
Portugal,2000,0.001
Portugal,2001,0.001
Portugal,2002,0.002
Portugal,2003,0.002
Portugal,2004,0.003
Portugal,2005,0.003
Portugal,2006,0.005
Portugal,2007,0.022
Portugal,2008,0.038
Portugal,2009,0.147
Portugal,2010,0.187
Portugal,2011,0.256
Portugal,2012,0.387
Portugal,2013,0.43
Portugal,2014,0.548
Portugal,2015,0.705
Portugal,2016,0.678
Portugal,2017,0.836
Portugal,2018,0.829
Portugal,2019,1.161
Portugal,2020,1.614
Qatar,1965,0
Qatar,1966,0
Qatar,1967,0
Qatar,1968,0
Qatar,1969,0
Qatar,1970,0
Qatar,1971,0
Qatar,1972,0
Qatar,1973,0
Qatar,1974,0
Qatar,1975,0
Qatar,1976,0
Qatar,1977,0
Qatar,1978,0
Qatar,1979,0
Qatar,1980,0
Qatar,1981,0
Qatar,1982,0
Qatar,1983,0
Qatar,1984,0
Qatar,1985,0
Qatar,1986,0
Qatar,1987,0
Qatar,1988,0
Qatar,1989,0
Qatar,1990,0
Qatar,1991,0
Qatar,1992,0
Qatar,1993,0
Qatar,1994,0
Qatar,1995,0
Qatar,1996,0
Qatar,1997,0
Qatar,1998,0
Qatar,1999,0
Qatar,2000,0
Qatar,2001,0
Qatar,2002,0
Qatar,2003,0
Qatar,2004,0
Qatar,2005,0
Qatar,2006,0
Qatar,2007,0
Qatar,2008,0
Qatar,2009,0
Qatar,2010,0
Qatar,2011,0.001
Qatar,2012,0.001
Qatar,2013,0.002
Qatar,2014,0.003
Qatar,2015,0.003
Qatar,2016,0.004
Qatar,2017,0.004
Qatar,2018,0.004
Qatar,2019,0.004
Qatar,2020,0.004
Romania,1965,0
Romania,1966,0
Romania,1967,0
Romania,1968,0
Romania,1969,0
Romania,1970,0
Romania,1971,0
Romania,1972,0
Romania,1973,0
Romania,1974,0
Romania,1975,0
Romania,1976,0
Romania,1977,0
Romania,1978,0
Romania,1979,0
Romania,1980,0
Romania,1981,0
Romania,1982,0
Romania,1983,0
Romania,1984,0
Romania,1985,0
Romania,1986,0
Romania,1987,0
Romania,1988,0
Romania,1989,0
Romania,1990,0
Romania,1991,0
Romania,1992,0
Romania,1993,0
Romania,1994,0
Romania,1995,0
Romania,1996,0
Romania,1997,0
Romania,1998,0
Romania,1999,0
Romania,2000,0
Romania,2001,0
Romania,2002,0
Romania,2003,0
Romania,2004,0
Romania,2005,0
Romania,2006,0
Romania,2007,0
Romania,2008,0
Romania,2009,0.001
Romania,2010,0.001
Romania,2011,0.001
Romania,2012,0.005
Romania,2013,0.297
Romania,2014,0.878
Romania,2015,1.329
Romania,2016,1.213
Romania,2017,1.208
Romania,2018,1.125
Romania,2019,1.152
Romania,2020,1.136
Russia,1985,0
Russia,1986,0
Russia,1987,0
Russia,1988,0
Russia,1989,0
Russia,1990,0
Russia,1991,0
Russia,1992,0
Russia,1993,0
Russia,1994,0
Russia,1995,0
Russia,1996,0
Russia,1997,0
Russia,1998,0
Russia,1999,0
Russia,2000,0
Russia,2001,0
Russia,2002,0
Russia,2003,0
Russia,2004,0
Russia,2005,0
Russia,2006,0
Russia,2007,0
Russia,2008,0
Russia,2009,0
Russia,2010,0
Russia,2011,0
Russia,2012,0
Russia,2013,0
Russia,2014,0.005
Russia,2015,0.011
Russia,2016,0.015
Russia,2017,0.017
Russia,2018,0.019
Russia,2019,0.029
Russia,2020,0.058
Saudi Arabia,1965,0
Saudi Arabia,1966,0
Saudi Arabia,1967,0
Saudi Arabia,1968,0
Saudi Arabia,1969,0
Saudi Arabia,1970,0
Saudi Arabia,1971,0
Saudi Arabia,1972,0
Saudi Arabia,1973,0
Saudi Arabia,1974,0
Saudi Arabia,1975,0
Saudi Arabia,1976,0
Saudi Arabia,1977,0
Saudi Arabia,1978,0
Saudi Arabia,1979,0
Saudi Arabia,1980,0
Saudi Arabia,1981,0
Saudi Arabia,1982,0
Saudi Arabia,1983,0
Saudi Arabia,1984,0
Saudi Arabia,1985,0
Saudi Arabia,1986,0
Saudi Arabia,1987,0
Saudi Arabia,1988,0
Saudi Arabia,1989,0
Saudi Arabia,1990,0
Saudi Arabia,1991,0
Saudi Arabia,1992,0
Saudi Arabia,1993,0
Saudi Arabia,1994,0
Saudi Arabia,1995,0
Saudi Arabia,1996,0
Saudi Arabia,1997,0
Saudi Arabia,1998,0
Saudi Arabia,1999,0
Saudi Arabia,2000,0
Saudi Arabia,2001,0
Saudi Arabia,2002,0
Saudi Arabia,2003,0
Saudi Arabia,2004,0
Saudi Arabia,2005,0
Saudi Arabia,2006,0
Saudi Arabia,2007,0
Saudi Arabia,2008,0
Saudi Arabia,2009,0
Saudi Arabia,2010,0
Saudi Arabia,2011,0.001
Saudi Arabia,2012,0.002
Saudi Arabia,2013,0.004
Saudi Arabia,2014,0.004
Saudi Arabia,2015,0.004
Saudi Arabia,2016,0.004
Saudi Arabia,2017,0.005
Saudi Arabia,2018,0.018
Saudi Arabia,2019,0.087
Saudi Arabia,2020,0.087
Singapore,1965,0
Singapore,1966,0
Singapore,1967,0
Singapore,1968,0
Singapore,1969,0
Singapore,1970,0
Singapore,1971,0
Singapore,1972,0
Singapore,1973,0
Singapore,1974,0
Singapore,1975,0
Singapore,1976,0
Singapore,1977,0
Singapore,1978,0
Singapore,1979,0
Singapore,1980,0
Singapore,1981,0
Singapore,1982,0
Singapore,1983,0
Singapore,1984,0
Singapore,1985,0
Singapore,1986,0
Singapore,1987,0
Singapore,1988,0
Singapore,1989,0
Singapore,1990,0
Singapore,1991,0
Singapore,1992,0
Singapore,1993,0
Singapore,1994,0
Singapore,1995,0
Singapore,1996,0
Singapore,1997,0
Singapore,1998,0
Singapore,1999,0
Singapore,2000,0
Singapore,2001,0
Singapore,2002,0
Singapore,2003,0
Singapore,2004,0
Singapore,2005,0
Singapore,2006,0
Singapore,2007,0
Singapore,2008,0
Singapore,2009,0.001
Singapore,2010,0.001
Singapore,2011,0.002
Singapore,2012,0.003
Singapore,2013,0.004
Singapore,2014,0.008
Singapore,2015,0.013
Singapore,2016,0.023
Singapore,2017,0.031
Singapore,2018,0.034
Singapore,2019,0.049
Singapore,2020,0.077
Slovakia,1965,0
Slovakia,1966,0
Slovakia,1967,0
Slovakia,1968,0
Slovakia,1969,0
Slovakia,1970,0
Slovakia,1971,0
Slovakia,1972,0
Slovakia,1973,0
Slovakia,1974,0
Slovakia,1975,0
Slovakia,1976,0
Slovakia,1977,0
Slovakia,1978,0
Slovakia,1979,0
Slovakia,1980,0
Slovakia,1981,0
Slovakia,1982,0
Slovakia,1983,0
Slovakia,1984,0
Slovakia,1985,0
Slovakia,1986,0
Slovakia,1987,0
Slovakia,1988,0
Slovakia,1989,0
Slovakia,1990,0
Slovakia,1991,0
Slovakia,1992,0
Slovakia,1993,0
Slovakia,1994,0
Slovakia,1995,0
Slovakia,1996,0
Slovakia,1997,0
Slovakia,1998,0
Slovakia,1999,0
Slovakia,2000,0
Slovakia,2001,0
Slovakia,2002,0
Slovakia,2003,0
Slovakia,2004,0
Slovakia,2005,0
Slovakia,2006,0
Slovakia,2007,0
Slovakia,2008,0
Slovakia,2009,0
Slovakia,2010,0.022
Slovakia,2011,0.528
Slovakia,2012,0.584
Slovakia,2013,0.785
Slovakia,2014,0.851
Slovakia,2015,0.71
Slovakia,2016,0.74
Slovakia,2017,0.661
Slovakia,2018,0.771
Slovakia,2019,0.801
Slovakia,2020,0.935
Slovenia,1990,0
Slovenia,1991,0
Slovenia,1992,0
Slovenia,1993,0
Slovenia,1994,0
Slovenia,1995,0
Slovenia,1996,0
Slovenia,1997,0
Slovenia,1998,0
Slovenia,1999,0
Slovenia,2000,0
Slovenia,2001,0
Slovenia,2002,0
Slovenia,2003,0
Slovenia,2004,0
Slovenia,2005,0
Slovenia,2006,0
Slovenia,2007,0
Slovenia,2008,0.003
Slovenia,2009,0.012
Slovenia,2010,0.04
Slovenia,2011,0.206
Slovenia,2012,0.521
Slovenia,2013,0.691
Slovenia,2014,0.803
Slovenia,2015,0.941
Slovenia,2016,0.853
Slovenia,2017,0.891
Slovenia,2018,0.78
Slovenia,2019,0.952
Slovenia,2020,0.953
South Africa,1965,0
South Africa,1966,0
South Africa,1967,0
South Africa,1968,0
South Africa,1969,0
South Africa,1970,0
South Africa,1971,0
South Africa,1972,0
South Africa,1973,0
South Africa,1974,0
South Africa,1975,0
South Africa,1976,0
South Africa,1977,0
South Africa,1978,0
South Africa,1979,0
South Africa,1980,0
South Africa,1981,0
South Africa,1982,0
South Africa,1983,0
South Africa,1984,0
South Africa,1985,0
South Africa,1986,0
South Africa,1987,0
South Africa,1988,0
South Africa,1989,0
South Africa,1990,0
South Africa,1991,0
South Africa,1992,0
South Africa,1993,0
South Africa,1994,0
South Africa,1995,0
South Africa,1996,0
South Africa,1997,0
South Africa,1998,0
South Africa,1999,0
South Africa,2000,0.002
South Africa,2001,0.003
South Africa,2002,0.003
South Africa,2003,0.003
South Africa,2004,0.003
South Africa,2005,0.004
South Africa,2006,0.004
South Africa,2007,0.004
South Africa,2008,0.004
South Africa,2009,0.004
South Africa,2010,0.005
South Africa,2011,0.014
South Africa,2012,0.016
South Africa,2013,0.044
South Africa,2014,0.198
South Africa,2015,0.492
South Africa,2016,0.557
South Africa,2017,0.72
South Africa,2018,0.803
South Africa,2019,0.839
South Africa,2020,0.938
South Korea,1965,0
South Korea,1966,0
South Korea,1967,0
South Korea,1968,0
South Korea,1969,0
South Korea,1970,0
South Korea,1971,0
South Korea,1972,0
South Korea,1973,0
South Korea,1974,0
South Korea,1975,0
South Korea,1976,0
South Korea,1977,0
South Korea,1978,0
South Korea,1979,0
South Korea,1980,0
South Korea,1981,0
South Korea,1982,0
South Korea,1983,0
South Korea,1984,0
South Korea,1985,0
South Korea,1986,0
South Korea,1987,0
South Korea,1988,0
South Korea,1989,0
South Korea,1990,0
South Korea,1991,0
South Korea,1992,0
South Korea,1993,0
South Korea,1994,0
South Korea,1995,0
South Korea,1996,0
South Korea,1997,0
South Korea,1998,0.001
South Korea,1999,0.001
South Korea,2000,0.001
South Korea,2001,0.001
South Korea,2002,0.001
South Korea,2003,0.001
South Korea,2004,0.001
South Korea,2005,0.001
South Korea,2006,0.003
South Korea,2007,0.007
South Korea,2008,0.027
South Korea,2009,0.054
South Korea,2010,0.067
South Korea,2011,0.076
South Korea,2012,0.089
South Korea,2013,0.129
South Korea,2014,0.202
South Korea,2015,0.308
South Korea,2016,0.386
South Korea,2017,0.518
South Korea,2018,0.663
South Korea,2019,0.946
South Korea,2020,1.248
Spain,1965,0
Spain,1966,0
Spain,1967,0
Spain,1968,0
Spain,1969,0
Spain,1970,0
Spain,1971,0
Spain,1972,0
Spain,1973,0
Spain,1974,0
Spain,1975,0
Spain,1976,0
Spain,1977,0
Spain,1978,0
Spain,1979,0
Spain,1980,0
Spain,1981,0
Spain,1982,0
Spain,1983,0
Spain,1984,0
Spain,1985,0
Spain,1986,0
Spain,1987,0
Spain,1988,0
Spain,1989,0.002
Spain,1990,0.002
Spain,1991,0.002
Spain,1992,0.002
Spain,1993,0.002
Spain,1994,0.002
Spain,1995,0.003
Spain,1996,0.003
Spain,1997,0.003
Spain,1998,0.003
Spain,1999,0.003
Spain,2000,0.003
Spain,2001,0.004
Spain,2002,0.005
Spain,2003,0.007
Spain,2004,0.009
Spain,2005,0.006
Spain,2006,0.018
Spain,2007,0.074
Spain,2008,0.382
Spain,2009,0.966
Spain,2010,1.091
Spain,2011,1.357
Spain,2012,1.87
Spain,2013,2.15
Spain,2014,2.272
Spain,2015,2.257
Spain,2016,2.189
Spain,2017,2.255
Spain,2018,1.969
Spain,2019,2.407
Spain,2020,3.716
Sri Lanka,1965,0
Sri Lanka,1966,0
Sri Lanka,1967,0
Sri Lanka,1968,0
Sri Lanka,1969,0
Sri Lanka,1970,0
Sri Lanka,1971,0
Sri Lanka,1972,0
Sri Lanka,1973,0
Sri Lanka,1974,0
Sri Lanka,1975,0
Sri Lanka,1976,0
Sri Lanka,1977,0
Sri Lanka,1978,0
Sri Lanka,1979,0
Sri Lanka,1980,0
Sri Lanka,1981,0
Sri Lanka,1982,0
Sri Lanka,1983,0
Sri Lanka,1984,0
Sri Lanka,1985,0
Sri Lanka,1986,0
Sri Lanka,1987,0
Sri Lanka,1988,0
Sri Lanka,1989,0
Sri Lanka,1990,0
Sri Lanka,1991,0
Sri Lanka,1992,0
Sri Lanka,1993,0
Sri Lanka,1994,0
Sri Lanka,1995,0
Sri Lanka,1996,0
Sri Lanka,1997,0
Sri Lanka,1998,0
Sri Lanka,1999,0
Sri Lanka,2000,0.002
Sri Lanka,2001,0.005
Sri Lanka,2002,0.008
Sri Lanka,2003,0.013
Sri Lanka,2004,0.019
Sri Lanka,2005,0.022
Sri Lanka,2006,0.023
Sri Lanka,2007,0.025
Sri Lanka,2008,0.028
Sri Lanka,2009,0.029
Sri Lanka,2010,0.029
Sri Lanka,2011,0.033
Sri Lanka,2012,0.037
Sri Lanka,2013,0.052
Sri Lanka,2014,0.095
Sri Lanka,2015,0.153
Sri Lanka,2016,0.242
Sri Lanka,2017,0.618
Sri Lanka,2018,0.83
Sri Lanka,2019,0.932
Sri Lanka,2020,1.088
Sweden,1965,0
Sweden,1966,0
Sweden,1967,0
Sweden,1968,0
Sweden,1969,0
Sweden,1970,0
Sweden,1971,0
Sweden,1972,0
Sweden,1973,0
Sweden,1974,0
Sweden,1975,0
Sweden,1976,0
Sweden,1977,0
Sweden,1978,0
Sweden,1979,0
Sweden,1980,0
Sweden,1981,0
Sweden,1982,0
Sweden,1983,0
Sweden,1984,0
Sweden,1985,0
Sweden,1986,0
Sweden,1987,0
Sweden,1988,0
Sweden,1989,0
Sweden,1990,0
Sweden,1991,0
Sweden,1992,0
Sweden,1993,0
Sweden,1994,0
Sweden,1995,0
Sweden,1996,0
Sweden,1997,0
Sweden,1998,0
Sweden,1999,0
Sweden,2000,0
Sweden,2001,0.001
Sweden,2002,0.001
Sweden,2003,0.001
Sweden,2004,0.001
Sweden,2005,0.001
Sweden,2006,0.001
Sweden,2007,0.001
Sweden,2008,0.002
Sweden,2009,0.003
Sweden,2010,0.004
Sweden,2011,0.006
Sweden,2012,0.008
Sweden,2013,0.015
Sweden,2014,0.02
Sweden,2015,0.041
Sweden,2016,0.061
Sweden,2017,0.094
Sweden,2018,0.162
Sweden,2019,0.264
Sweden,2020,0.427
Switzerland,1965,0
Switzerland,1966,0
Switzerland,1967,0
Switzerland,1968,0
Switzerland,1969,0
Switzerland,1970,0
Switzerland,1971,0
Switzerland,1972,0
Switzerland,1973,0
Switzerland,1974,0
Switzerland,1975,0
Switzerland,1976,0
Switzerland,1977,0
Switzerland,1978,0
Switzerland,1979,0
Switzerland,1980,0
Switzerland,1981,0
Switzerland,1982,0
Switzerland,1983,0
Switzerland,1984,0
Switzerland,1985,0
Switzerland,1986,0
Switzerland,1987,0
Switzerland,1988,0
Switzerland,1989,0
Switzerland,1990,0.001
Switzerland,1991,0.002
Switzerland,1992,0.002
Switzerland,1993,0.003
Switzerland,1994,0.004
Switzerland,1995,0.005
Switzerland,1996,0.006
Switzerland,1997,0.006
Switzerland,1998,0.006
Switzerland,1999,0.008
Switzerland,2000,0.009
Switzerland,2001,0.009
Switzerland,2002,0.012
Switzerland,2003,0.014
Switzerland,2004,0.014
Switzerland,2005,0.017
Switzerland,2006,0.019
Switzerland,2007,0.023
Switzerland,2008,0.028
Switzerland,2009,0.04
Switzerland,2010,0.072
Switzerland,2011,0.134
Switzerland,2012,0.225
Switzerland,2013,0.365
Switzerland,2014,0.64
Switzerland,2015,0.865
Switzerland,2016,1.089
Switzerland,2017,1.363
Switzerland,2018,1.543
Switzerland,2019,1.651
Switzerland,2020,2.162
Taiwan,1965,0
Taiwan,1966,0
Taiwan,1967,0
Taiwan,1968,0
Taiwan,1969,0
Taiwan,1970,0
Taiwan,1971,0
Taiwan,1972,0
Taiwan,1973,0
Taiwan,1974,0
Taiwan,1975,0
Taiwan,1976,0
Taiwan,1977,0
Taiwan,1978,0
Taiwan,1979,0
Taiwan,1980,0
Taiwan,1981,0
Taiwan,1982,0
Taiwan,1983,0
Taiwan,1984,0
Taiwan,1985,0
Taiwan,1986,0
Taiwan,1987,0
Taiwan,1988,0
Taiwan,1989,0
Taiwan,1990,0
Taiwan,1991,0
Taiwan,1992,0
Taiwan,1993,0
Taiwan,1994,0
Taiwan,1995,0
Taiwan,1996,0
Taiwan,1997,0
Taiwan,1998,0
Taiwan,1999,0
Taiwan,2000,0
Taiwan,2001,0
Taiwan,2002,0
Taiwan,2003,0
Taiwan,2004,0
Taiwan,2005,0
Taiwan,2006,0
Taiwan,2007,0
Taiwan,2008,0.001
Taiwan,2009,0.002
Taiwan,2010,0.004
Taiwan,2011,0.012
Taiwan,2012,0.032
Taiwan,2013,0.062
Taiwan,2014,0.099
Taiwan,2015,0.158
Taiwan,2016,0.205
Taiwan,2017,0.305
Taiwan,2018,0.486
Taiwan,2019,0.73
Taiwan,2020,1.122
Thailand,1965,0
Thailand,1966,0
Thailand,1967,0
Thailand,1968,0
Thailand,1969,0
Thailand,1970,0
Thailand,1971,0
Thailand,1972,0
Thailand,1973,0
Thailand,1974,0
Thailand,1975,0
Thailand,1976,0
Thailand,1977,0
Thailand,1978,0
Thailand,1979,0
Thailand,1980,0
Thailand,1981,0
Thailand,1982,0
Thailand,1983,0
Thailand,1984,0
Thailand,1985,0
Thailand,1986,0
Thailand,1987,0
Thailand,1988,0
Thailand,1989,0
Thailand,1990,0
Thailand,1991,0
Thailand,1992,0
Thailand,1993,0
Thailand,1994,0
Thailand,1995,0
Thailand,1996,0
Thailand,1997,0
Thailand,1998,0
Thailand,1999,0
Thailand,2000,0
Thailand,2001,0
Thailand,2002,0
Thailand,2003,0
Thailand,2004,0
Thailand,2005,0
Thailand,2006,0.009
Thailand,2007,0.009
Thailand,2008,0.009
Thailand,2009,0.01
Thailand,2010,0.012
Thailand,2011,0.019
Thailand,2012,0.095
Thailand,2013,0.234
Thailand,2014,0.348
Thailand,2015,0.416
Thailand,2016,0.575
Thailand,2017,0.756
Thailand,2018,0.734
Thailand,2019,0.739
Thailand,2020,0.793
Trinidad and Tobago,1965,0
Trinidad and Tobago,1966,0
Trinidad and Tobago,1967,0
Trinidad and Tobago,1968,0
Trinidad and Tobago,1969,0
Trinidad and Tobago,1970,0
Trinidad and Tobago,1971,0
Trinidad and Tobago,1972,0
Trinidad and Tobago,1973,0
Trinidad and Tobago,1974,0
Trinidad and Tobago,1975,0
Trinidad and Tobago,1976,0
Trinidad and Tobago,1977,0
Trinidad and Tobago,1978,0
Trinidad and Tobago,1979,0
Trinidad and Tobago,1980,0
Trinidad and Tobago,1981,0
Trinidad and Tobago,1982,0
Trinidad and Tobago,1983,0
Trinidad and Tobago,1984,0
Trinidad and Tobago,1985,0
Trinidad and Tobago,1986,0
Trinidad and Tobago,1987,0
Trinidad and Tobago,1988,0
Trinidad and Tobago,1989,0
Trinidad and Tobago,1990,0
Trinidad and Tobago,1991,0
Trinidad and Tobago,1992,0
Trinidad and Tobago,1993,0
Trinidad and Tobago,1994,0
Trinidad and Tobago,1995,0
Trinidad and Tobago,1996,0
Trinidad and Tobago,1997,0
Trinidad and Tobago,1998,0
Trinidad and Tobago,1999,0
Trinidad and Tobago,2000,0
Trinidad and Tobago,2001,0.001
Trinidad and Tobago,2002,0.002
Trinidad and Tobago,2003,0.003
Trinidad and Tobago,2004,0.003
Trinidad and Tobago,2005,0.003
Trinidad and Tobago,2006,0.003
Trinidad and Tobago,2007,0.003
Trinidad and Tobago,2008,0.004
Trinidad and Tobago,2009,0.004
Trinidad and Tobago,2010,0.004
Trinidad and Tobago,2011,0.005
Trinidad and Tobago,2012,0.005
Trinidad and Tobago,2013,0.004
Trinidad and Tobago,2014,0.005
Trinidad and Tobago,2015,0.006
Trinidad and Tobago,2016,0.007
Trinidad and Tobago,2017,0.006
Trinidad and Tobago,2018,0.006
Trinidad and Tobago,2019,0.006
Trinidad and Tobago,2020,0.007
Turkey,1965,0
Turkey,1966,0
Turkey,1967,0
Turkey,1968,0
Turkey,1969,0
Turkey,1970,0
Turkey,1971,0
Turkey,1972,0
Turkey,1973,0
Turkey,1974,0
Turkey,1975,0
Turkey,1976,0
Turkey,1977,0
Turkey,1978,0
Turkey,1979,0
Turkey,1980,0
Turkey,1981,0
Turkey,1982,0
Turkey,1983,0
Turkey,1984,0
Turkey,1985,0
Turkey,1986,0
Turkey,1987,0
Turkey,1988,0
Turkey,1989,0
Turkey,1990,0
Turkey,1991,0
Turkey,1992,0
Turkey,1993,0
Turkey,1994,0
Turkey,1995,0
Turkey,1996,0
Turkey,1997,0
Turkey,1998,0
Turkey,1999,0
Turkey,2000,0
Turkey,2001,0
Turkey,2002,0
Turkey,2003,0
Turkey,2004,0
Turkey,2005,0
Turkey,2006,0
Turkey,2007,0
Turkey,2008,0
Turkey,2009,0
Turkey,2010,0
Turkey,2011,0.001
Turkey,2012,0.001
Turkey,2013,0.001
Turkey,2014,0.003
Turkey,2015,0.031
Turkey,2016,0.157
Turkey,2017,0.408
Turkey,2018,1.109
Turkey,2019,1.267
Turkey,2020,1.53
Turkmenistan,1985,0
Turkmenistan,1986,0
Turkmenistan,1987,0
Turkmenistan,1988,0
Turkmenistan,1989,0
Turkmenistan,1990,0
Turkmenistan,1991,0
Turkmenistan,1992,0
Turkmenistan,1993,0
Turkmenistan,1994,0
Turkmenistan,1995,0
Turkmenistan,1996,0
Turkmenistan,1997,0
Turkmenistan,1998,0
Turkmenistan,1999,0
Turkmenistan,2000,0
Turkmenistan,2001,0
Turkmenistan,2002,0
Turkmenistan,2003,0
Turkmenistan,2004,0
Turkmenistan,2005,0
Turkmenistan,2006,0
Turkmenistan,2007,0
Turkmenistan,2008,0
Turkmenistan,2009,0
Turkmenistan,2010,0
Turkmenistan,2011,0
Turkmenistan,2012,0.001
Turkmenistan,2013,0.002
Turkmenistan,2014,0.003
Turkmenistan,2015,0.004
Turkmenistan,2016,0.005
Turkmenistan,2017,0.005
Turkmenistan,2018,0.005
Turkmenistan,2019,0.004
Turkmenistan,2020,0.004
USSR,1965,0
USSR,1966,0
USSR,1967,0
USSR,1968,0
USSR,1969,0
USSR,1970,0
USSR,1971,0
USSR,1972,0
USSR,1973,0
USSR,1974,0
USSR,1975,0
USSR,1976,0
USSR,1977,0
USSR,1978,0
USSR,1979,0
USSR,1980,0
USSR,1981,0
USSR,1982,0
USSR,1983,0
USSR,1984,0
Ukraine,1985,0
Ukraine,1986,0
Ukraine,1987,0
Ukraine,1988,0
Ukraine,1989,0
Ukraine,1990,0
Ukraine,1991,0
Ukraine,1992,0
Ukraine,1993,0
Ukraine,1994,0
Ukraine,1995,0
Ukraine,1996,0
Ukraine,1997,0
Ukraine,1998,0
Ukraine,1999,0
Ukraine,2000,0
Ukraine,2001,0
Ukraine,2002,0
Ukraine,2003,0
Ukraine,2004,0
Ukraine,2005,0
Ukraine,2006,0
Ukraine,2007,0
Ukraine,2008,0
Ukraine,2009,0
Ukraine,2010,0
Ukraine,2011,0.005
Ukraine,2012,0.06
Ukraine,2013,0.107
Ukraine,2014,0.091
Ukraine,2015,0.121
Ukraine,2016,0.118
Ukraine,2017,0.186
Ukraine,2018,0.274
Ukraine,2019,0.765
Ukraine,2020,1.658
United Arab Emirates,1965,0
United Arab Emirates,1966,0
United Arab Emirates,1967,0
United Arab Emirates,1968,0
United Arab Emirates,1969,0
United Arab Emirates,1970,0
United Arab Emirates,1971,0
United Arab Emirates,1972,0
United Arab Emirates,1973,0
United Arab Emirates,1974,0
United Arab Emirates,1975,0
United Arab Emirates,1976,0
United Arab Emirates,1977,0
United Arab Emirates,1978,0
United Arab Emirates,1979,0
United Arab Emirates,1980,0
United Arab Emirates,1981,0
United Arab Emirates,1982,0
United Arab Emirates,1983,0
United Arab Emirates,1984,0
United Arab Emirates,1985,0
United Arab Emirates,1986,0
United Arab Emirates,1987,0
United Arab Emirates,1988,0
United Arab Emirates,1989,0
United Arab Emirates,1990,0
United Arab Emirates,1991,0
United Arab Emirates,1992,0
United Arab Emirates,1993,0
United Arab Emirates,1994,0
United Arab Emirates,1995,0
United Arab Emirates,1996,0
United Arab Emirates,1997,0
United Arab Emirates,1998,0
United Arab Emirates,1999,0
United Arab Emirates,2000,0
United Arab Emirates,2001,0
United Arab Emirates,2002,0
United Arab Emirates,2003,0
United Arab Emirates,2004,0
United Arab Emirates,2005,0
United Arab Emirates,2006,0
United Arab Emirates,2007,0
United Arab Emirates,2008,0
United Arab Emirates,2009,0.002
United Arab Emirates,2010,0.005
United Arab Emirates,2011,0.005
United Arab Emirates,2012,0.006
United Arab Emirates,2013,0.019
United Arab Emirates,2014,0.07
United Arab Emirates,2015,0.063
United Arab Emirates,2016,0.066
United Arab Emirates,2017,0.152
United Arab Emirates,2018,0.256
United Arab Emirates,2019,0.816
United Arab Emirates,2020,1.177
United Kingdom,1965,0
United Kingdom,1966,0
United Kingdom,1967,0
United Kingdom,1968,0
United Kingdom,1969,0
United Kingdom,1970,0
United Kingdom,1971,0
United Kingdom,1972,0
United Kingdom,1973,0
United Kingdom,1974,0
United Kingdom,1975,0
United Kingdom,1976,0
United Kingdom,1977,0
United Kingdom,1978,0
United Kingdom,1979,0
United Kingdom,1980,0
United Kingdom,1981,0
United Kingdom,1982,0
United Kingdom,1983,0
United Kingdom,1984,0
United Kingdom,1985,0
United Kingdom,1986,0
United Kingdom,1987,0
United Kingdom,1988,0
United Kingdom,1989,0
United Kingdom,1990,0
United Kingdom,1991,0
United Kingdom,1992,0
United Kingdom,1993,0
United Kingdom,1994,0
United Kingdom,1995,0
United Kingdom,1996,0
United Kingdom,1997,0
United Kingdom,1998,0
United Kingdom,1999,0
United Kingdom,2000,0
United Kingdom,2001,0
United Kingdom,2002,0
United Kingdom,2003,0
United Kingdom,2004,0
United Kingdom,2005,0.001
United Kingdom,2006,0.001
United Kingdom,2007,0.001
United Kingdom,2008,0.002
United Kingdom,2009,0.002
United Kingdom,2010,0.004
United Kingdom,2011,0.027
United Kingdom,2012,0.147
United Kingdom,2013,0.218
United Kingdom,2014,0.465
United Kingdom,2015,0.849
United Kingdom,2016,1.179
United Kingdom,2017,1.298
United Kingdom,2018,1.434
United Kingdom,2019,1.49
United Kingdom,2020,1.649
United States,1965,0
United States,1966,0
United States,1967,0
United States,1968,0
United States,1969,0
United States,1970,0
United States,1971,0
United States,1972,0
United States,1973,0
United States,1974,0
United States,1975,0
United States,1976,0
United States,1977,0
United States,1978,0
United States,1979,0
United States,1980,0
United States,1981,0
United States,1982,0
United States,1983,0
United States,1984,0
United States,1985,0
United States,1986,0
United States,1987,0
United States,1988,0
United States,1989,0.003
United States,1990,0.005
United States,1991,0.006
United States,1992,0.005
United States,1993,0.006
United States,1994,0.006
United States,1995,0.006
United States,1996,0.006
United States,1997,0.006
United States,1998,0.006
United States,1999,0.006
United States,2000,0.005
United States,2001,0.006
United States,2002,0.006
United States,2003,0.006
United States,2004,0.007
United States,2005,0.008
United States,2006,0.008
United States,2007,0.011
United States,2008,0.016
United States,2009,0.022
United States,2010,0.03
United States,2011,0.048
United States,2012,0.094
United States,2013,0.161
United States,2014,0.288
United States,2015,0.39
United States,2016,0.546
United States,2017,0.761
United States,2018,0.882
United States,2019,1.014
United States,2020,1.355
Uzbekistan,1985,0
Uzbekistan,1986,0
Uzbekistan,1987,0
Uzbekistan,1988,0
Uzbekistan,1989,0
Uzbekistan,1990,0
Uzbekistan,1991,0
Uzbekistan,1992,0
Uzbekistan,1993,0
Uzbekistan,1994,0
Uzbekistan,1995,0
Uzbekistan,1996,0
Uzbekistan,1997,0
Uzbekistan,1998,0
Uzbekistan,1999,0
Uzbekistan,2000,0
Uzbekistan,2001,0
Uzbekistan,2002,0
Uzbekistan,2003,0
Uzbekistan,2004,0
Uzbekistan,2005,0
Uzbekistan,2006,0
Uzbekistan,2007,0
Uzbekistan,2008,0
Uzbekistan,2009,0
Uzbekistan,2010,0
Uzbekistan,2011,0
Uzbekistan,2012,0
Uzbekistan,2013,0
Uzbekistan,2014,0
Uzbekistan,2015,0
Uzbekistan,2016,0
Uzbekistan,2017,0
Uzbekistan,2018,0.003
Uzbekistan,2019,0.007
Uzbekistan,2020,0.007
Venezuela,1965,0
Venezuela,1966,0
Venezuela,1967,0
Venezuela,1968,0
Venezuela,1969,0
Venezuela,1970,0
Venezuela,1971,0
Venezuela,1972,0
Venezuela,1973,0
Venezuela,1974,0
Venezuela,1975,0
Venezuela,1976,0
Venezuela,1977,0
Venezuela,1978,0
Venezuela,1979,0
Venezuela,1980,0
Venezuela,1981,0
Venezuela,1982,0
Venezuela,1983,0
Venezuela,1984,0
Venezuela,1985,0
Venezuela,1986,0
Venezuela,1987,0
Venezuela,1988,0
Venezuela,1989,0
Venezuela,1990,0
Venezuela,1991,0
Venezuela,1992,0
Venezuela,1993,0
Venezuela,1994,0
Venezuela,1995,0
Venezuela,1996,0
Venezuela,1997,0
Venezuela,1998,0
Venezuela,1999,0
Venezuela,2000,0
Venezuela,2001,0
Venezuela,2002,0
Venezuela,2003,0
Venezuela,2004,0
Venezuela,2005,0
Venezuela,2006,0
Venezuela,2007,0
Venezuela,2008,0
Venezuela,2009,0
Venezuela,2010,0.001
Venezuela,2011,0.001
Venezuela,2012,0.001
Venezuela,2013,0.001
Venezuela,2014,0.002
Venezuela,2015,0.002
Venezuela,2016,0.003
Venezuela,2017,0.003
Venezuela,2018,0.003
Venezuela,2019,0.006
Venezuela,2020,0.008
Vietnam,1965,0
Vietnam,1966,0
Vietnam,1967,0
Vietnam,1968,0
Vietnam,1969,0
Vietnam,1970,0
Vietnam,1971,0
Vietnam,1972,0
Vietnam,1973,0
Vietnam,1974,0
Vietnam,1975,0
Vietnam,1976,0
Vietnam,1977,0
Vietnam,1978,0
Vietnam,1979,0
Vietnam,1980,0
Vietnam,1981,0
Vietnam,1982,0
Vietnam,1983,0
Vietnam,1984,0
Vietnam,1985,0
Vietnam,1986,0
Vietnam,1987,0
Vietnam,1988,0
Vietnam,1989,0
Vietnam,1990,0
Vietnam,1991,0
Vietnam,1992,0
Vietnam,1993,0
Vietnam,1994,0
Vietnam,1995,0
Vietnam,1996,0
Vietnam,1997,0
Vietnam,1998,0
Vietnam,1999,0
Vietnam,2000,0
Vietnam,2001,0
Vietnam,2002,0
Vietnam,2003,0
Vietnam,2004,0
Vietnam,2005,0
Vietnam,2006,0
Vietnam,2007,0
Vietnam,2008,0
Vietnam,2009,0
Vietnam,2010,0.003
Vietnam,2011,0.003
Vietnam,2012,0.002
Vietnam,2013,0.002
Vietnam,2014,0.002
Vietnam,2015,0.002
Vietnam,2016,0.002
Vietnam,2017,0.003
Vietnam,2018,0.027
Vietnam,2019,0.881
Vietnam,2020,2.053
Western Africa,1965,0
Western Africa,1966,0
Western Africa,1967,0
Western Africa,1968,0
Western Africa,1969,0
Western Africa,1970,0
Western Africa,1971,0
Western Africa,1972,0
Western Africa,1973,0
Western Africa,1974,0
Western Africa,1975,0
Western Africa,1976,0
Western Africa,1977,0
Western Africa,1978,0
Western Africa,1979,0
Western Africa,1980,0
Western Africa,1981,0
Western Africa,1982,0
Western Africa,1983,0
Western Africa,1984,0
Western Africa,1985,0
Western Africa,1986,0
Western Africa,1987,0
Western Africa,1988,0
Western Africa,1989,0
Western Africa,1990,0
Western Africa,1991,0
Western Africa,1992,0
Western Africa,1993,0
Western Africa,1994,0
Western Africa,1995,0
Western Africa,1996,0
Western Africa,1997,0
Western Africa,1998,0
Western Africa,1999,0
Western Africa,2000,0.002
Western Africa,2001,0.002
Western Africa,2002,0.002
Western Africa,2003,0.003
Western Africa,2004,0.004
Western Africa,2005,0.005
Western Africa,2006,0.007
Western Africa,2007,0.008
Western Africa,2008,0.008
Western Africa,2009,0.01
Western Africa,2010,0.016
Western Africa,2011,0.023
Western Africa,2012,0.04
Western Africa,2013,0.059
Western Africa,2014,0.064
Western Africa,2015,0.065
Western Africa,2016,0.103
Western Africa,2017,0.115
Western Africa,2018,0.185
Western Africa,2019,0.192
Western Africa,2020,0.232
World,1965,0
World,1966,0
World,1967,0
World,1968,0
World,1969,0
World,1970,0
World,1971,0
World,1972,0
World,1973,0
World,1974,0
World,1975,0
World,1976,0
World,1977,0
World,1978,0
World,1979,0
World,1980,0
World,1981,0
World,1982,0
World,1983,0
World,1984,0
World,1985,0
World,1986,0
World,1987,0
World,1988,0
World,1989,0.001
World,1990,0.001
World,1991,0.001
World,1992,0.001
World,1993,0.002
World,1994,0.002
World,1995,0.002
World,1996,0.002
World,1997,0.002
World,1998,0.002
World,1999,0.002
World,2000,0.003
World,2001,0.003
World,2002,0.004
World,2003,0.005
World,2004,0.007
World,2005,0.009
World,2006,0.012
World,2007,0.015
World,2008,0.024
World,2009,0.041
World,2010,0.063
World,2011,0.117
World,2012,0.179
World,2013,0.24
World,2014,0.336
World,2015,0.429
World,2016,0.539
World,2017,0.715
World,2018,0.896
World,2019,1.085
World,2020,1.365
